-- MySQL Administrator dump 1.4
--
-- ------------------------------------------------------
-- Server version	5.0.13-rc-nt


/*!40101 SET @OLD_CHARACTER_SET_CLIENT=@@CHARACTER_SET_CLIENT */;
/*!40101 SET @OLD_CHARACTER_SET_RESULTS=@@CHARACTER_SET_RESULTS */;
/*!40101 SET @OLD_COLLATION_CONNECTION=@@COLLATION_CONNECTION */;
/*!40101 SET NAMES utf8 */;

/*!40014 SET @OLD_UNIQUE_CHECKS=@@UNIQUE_CHECKS, UNIQUE_CHECKS=0 */;
/*!40014 SET @OLD_FOREIGN_KEY_CHECKS=@@FOREIGN_KEY_CHECKS, FOREIGN_KEY_CHECKS=0 */;
/*!40101 SET @OLD_SQL_MODE=@@SQL_MODE, SQL_MODE='NO_AUTO_VALUE_ON_ZERO' */;


--
-- Create schema thrashcode
--

CREATE DATABASE IF NOT EXISTS thrashcode;
USE thrashcode;

--
-- Definition of table `activity`
--

DROP TABLE IF EXISTS `activity`;
CREATE TABLE `activity` (
  `actvty_id` varchar(45) NOT NULL,
  `actvty_cat` varchar(45) NOT NULL,
  `actvty_type` varchar(45) NOT NULL,
  `actvty_desc` longtext,
  PRIMARY KEY  (`actvty_id`,`actvty_cat`,`actvty_type`)
) ENGINE=InnoDB DEFAULT CHARSET=latin1;

--
-- Dumping data for table `activity`
--

/*!40000 ALTER TABLE `activity` DISABLE KEYS */;
INSERT INTO `activity` (`actvty_id`,`actvty_cat`,`actvty_type`,`actvty_desc`) VALUES 
 ('ACTVTY_ARTCL_DISLIKE','ARTCL','DISLIKE','User dislikes an article.'),
 ('ACTVTY_ARTCL_LIKE','ARTCL','LIKE','User likes an article.'),
 ('ACTVTY_CMT_DISLIKE','CMT','DISLIKE','User dislikes a comment.'),
 ('ACTVTY_CMT_LIKE','CMT','LIKE','User likes a comment.');
/*!40000 ALTER TABLE `activity` ENABLE KEYS */;


--
-- Definition of table `artcl_tags`
--

DROP TABLE IF EXISTS `artcl_tags`;
CREATE TABLE `artcl_tags` (
  `artcl_tag_id` varchar(45) NOT NULL,
  `artcl_tag_name` varchar(45) NOT NULL,
  `artcl_tag_description` varchar(45) NOT NULL,
  `artcl_cat_id` varchar(45) NOT NULL,
  PRIMARY KEY  (`artcl_tag_id`,`artcl_cat_id`)
) ENGINE=InnoDB DEFAULT CHARSET=latin1;

--
-- Dumping data for table `artcl_tags`
--

/*!40000 ALTER TABLE `artcl_tags` DISABLE KEYS */;
/*!40000 ALTER TABLE `artcl_tags` ENABLE KEYS */;


--
-- Definition of table `article_categories`
--

DROP TABLE IF EXISTS `article_categories`;
CREATE TABLE `article_categories` (
  `artcl_cat_id` varchar(45) NOT NULL,
  `artcl_cat_name` varchar(45) NOT NULL,
  `artcl_cat_index` int(11) NOT NULL,
  PRIMARY KEY  (`artcl_cat_id`,`artcl_cat_index`),
  UNIQUE KEY `artcl_cat_index_UNIQUE` (`artcl_cat_index`)
) ENGINE=InnoDB DEFAULT CHARSET=latin1;

--
-- Dumping data for table `article_categories`
--

/*!40000 ALTER TABLE `article_categories` DISABLE KEYS */;
INSERT INTO `article_categories` (`artcl_cat_id`,`artcl_cat_name`,`artcl_cat_index`) VALUES 
 ('CAT_ARTICLE','Articles',10),
 ('CAT_CODE_PICKS','Code Picks',20),
 ('CAT_EVRYTHING','Everything',0),
 ('CAT_TECHBLOG','Technical Blogs',30),
 ('CAT_TIPS_TRICKS','Tips & Tricks',40);
/*!40000 ALTER TABLE `article_categories` ENABLE KEYS */;


--
-- Definition of table `article_comments`
--

DROP TABLE IF EXISTS `article_comments`;
CREATE TABLE `article_comments` (
  `arctl_id` varchar(45) NOT NULL,
  `cmnt_id` varchar(45) NOT NULL,
  `user_id` varchar(45) default NULL,
  `user_fname` varchar(45) default NULL,
  `user_lname` varchar(45) default NULL,
  `cmt_date` datetime default NULL,
  `cmt_filePath` longtext,
  `cmt_file` blob,
  `cmt_data` varchar(45) default NULL,
  `cmt_likes` bigint(20) unsigned default '0',
  `cmt_dislikes` bigint(20) unsigned default '0',
  PRIMARY KEY  (`arctl_id`,`cmnt_id`)
) ENGINE=InnoDB DEFAULT CHARSET=latin1;

--
-- Dumping data for table `article_comments`
--

/*!40000 ALTER TABLE `article_comments` DISABLE KEYS */;
INSERT INTO `article_comments` (`arctl_id`,`cmnt_id`,`user_id`,`user_fname`,`user_lname`,`cmt_date`,`cmt_filePath`,`cmt_file`,`cmt_data`,`cmt_likes`,`cmt_dislikes`) VALUES 
 ('artcl_1','artcl_1_cmnt_1','jagdeep.dhanoa','Jagdeep','Dhanoa','2016-06-22 07:09:36','C:/THRASHREPO/articles/artcl_1/Comment/',NULL,'<p>nice article</p>\n',0,0),
 ('artcl_1','artcl_1_cmnt_2','jagdeep.dhanoa','Jagdeep','Dhanoa','2016-06-22 07:14:12','C:/THRASHREPO/articles/artcl_1/Comment/',NULL,'<p>nice article kumar :)</p>\n',0,0),
 ('artcl_2','artcl_2_cmnt_1','ashutosh049','kumar Ashutosh','Dubey','2016-06-22 07:19:33','C:/THRASHREPO/articles/artcl_2/Comment/',NULL,'<p>You have to actually call s',0,0),
 ('artcl_2','artcl_2_cmnt_2','vaibhav.jain','Vaibhav','Jain','2016-06-22 07:23:31','C:/THRASHREPO/articles/artcl_2/Comment/',NULL,'<p><em><strong>mkdirs</strong>',0,0),
 ('artcl_3','artcl_3_cmnt_1','ashutosh049','kumar Ashutosh','Dubey','2016-06-23 05:15:31','C:/THRASHREPO/articles/artcl_3/Comment/',NULL,'<p>hope you would like this ar',0,0),
 ('artcl_3','artcl_3_cmnt_2','gyanesh.tiwari','Gyanesh','Tiwari','2016-06-23 05:17:08','C:/THRASHREPO/articles/artcl_3/Comment/',NULL,'<p>Creates a new empty file in',0,0),
 ('artcl_4','artcl_4_cmnt_1','jagdeep.dhanoa','Jagdeep','Dhanoa','2016-06-23 08:35:20','C:/THRASHREPO/articles/artcl_4/Comment/',NULL,'<p>hi admin</p>\n',0,0),
 ('artcl_4','artcl_4_cmnt_2','gyanesh.tiwari','Gyanesh','Tiwari','2016-06-23 08:38:03','C:/THRASHREPO/articles/artcl_4/Comment/',NULL,'<p>nice article admin</p>\n',0,0),
 ('artcl_4','artcl_4_cmnt_3','jagdeep.dhanoa','Jagdeep','Dhanoa','2016-06-23 10:19:45','C:/THRASHREPO/articles/artcl_4/Comment/',NULL,'<p>hi this is jagdep</p>\n',0,0),
 ('artcl_4','artcl_4_cmnt_4','vaibhav.jain','Vaibhav','Jain','2016-06-23 16:22:48','C:/THRASHREPO/articles/artcl_4/Comment/',NULL,'<p>hi this is vaibhav 12345678',0,0),
 ('artcl_6','artcl_6_cmnt_1','vaibhav.jain','Vaibhav','Jain','2016-06-23 16:35:42','C:/THRASHREPO/articles/artcl_6/Comment/',NULL,'<p>great work ashutosh... ss w',0,0);
/*!40000 ALTER TABLE `article_comments` ENABLE KEYS */;


--
-- Definition of table `article_notifications`
--

DROP TABLE IF EXISTS `article_notifications`;
CREATE TABLE `article_notifications` (
  `arctl_id` varchar(45) NOT NULL,
  `cmnt_id` varchar(45) NOT NULL,
  `user_id` varchar(45) NOT NULL,
  `cmnt_by_user_fname` varchar(45) default NULL,
  `cmnt_by_user_lname` varchar(45) default NULL,
  `cmt_date` datetime default NULL,
  `read_status` tinyint(1) default '0',
  `notification_type` varchar(45) NOT NULL,
  `notification_data` varchar(200) NOT NULL,
  PRIMARY KEY  USING BTREE (`arctl_id`,`cmnt_id`,`user_id`)
) ENGINE=InnoDB DEFAULT CHARSET=latin1;

--
-- Dumping data for table `article_notifications`
--

/*!40000 ALTER TABLE `article_notifications` DISABLE KEYS */;
INSERT INTO `article_notifications` (`arctl_id`,`cmnt_id`,`user_id`,`cmnt_by_user_fname`,`cmnt_by_user_lname`,`cmt_date`,`read_status`,`notification_type`,`notification_data`) VALUES 
 ('artcl_1','artcl_1_cmnt_2','jagdeep.dhanoa','Jagdeep','Dhanoa','2016-06-22 07:14:12',0,'comment','<p>nice article kumar :)</p>\n'),
 ('artcl_2','artcl_2_cmnt_1','ashutosh049','kumar Ashutosh','Dubey','2016-06-22 07:19:33',0,'comment','<p>You have to actually call s'),
 ('artcl_2','artcl_2_cmnt_2','vaibhav.jain','Vaibhav','Jain','2016-06-22 07:23:31',0,'comment','<p><em><strong>mkdirs</strong>'),
 ('artcl_3','artcl_3_cmnt_1','ashutosh049','kumar Ashutosh','Dubey','2016-06-23 05:15:31',0,'comment','<p>hope you would like this ar'),
 ('artcl_3','artcl_3_cmnt_2','gyanesh.tiwari','Gyanesh','Tiwari','2016-06-23 05:17:08',0,'comment','<p>Creates a new empty file in'),
 ('artcl_4','artcl_4_cmnt_1','jagdeep.dhanoa','Jagdeep','Dhanoa','2016-06-23 08:35:20',0,'comment','<p>hi admin</p>\n'),
 ('artcl_4','artcl_4_cmnt_2','gyanesh.tiwari','Gyanesh','Tiwari','2016-06-23 08:38:03',0,'comment','<p>nice article admin</p>\n'),
 ('artcl_4','artcl_4_cmnt_3','jagdeep.dhanoa','Jagdeep','Dhanoa','2016-06-23 10:19:45',0,'comment','<p>hi this is jagdep</p>\n'),
 ('artcl_4','artcl_4_cmnt_4','vaibhav.jain','Vaibhav','Jain','2016-06-23 16:22:48',0,'comment','<p>hi this is vaibhav 12345678'),
 ('artcl_6','artcl_6_cmnt_1','vaibhav.jain','Vaibhav','Jain','2016-06-23 16:35:42',0,'comment','<p>great work ashutosh... ss w');
/*!40000 ALTER TABLE `article_notifications` ENABLE KEYS */;


--
-- Definition of table `articles`
--

DROP TABLE IF EXISTS `articles`;
CREATE TABLE `articles` (
  `artcl_id` varchar(45) NOT NULL,
  `artcl_cat_id` varchar(45) NOT NULL,
  `artcl_owner_id` varchar(45) NOT NULL,
  `artcl_status` varchar(45) default NULL,
  `artcl_title` longtext,
  `artcl_brf_desc` longtext,
  `artcl_create_date` datetime default NULL,
  `artcl_mod_date` datetime default NULL,
  `artcl_tags` varchar(200) default NULL,
  `artcl_data` varchar(45) default NULL,
  `artcl_filePath` longtext,
  `artcl_type` longtext,
  `artcl_visits` int(11) default NULL,
  `artcl_hits_positive` int(11) default NULL,
  `artcl_hits_negetive` int(11) default NULL,
  PRIMARY KEY  USING BTREE (`artcl_id`,`artcl_cat_id`,`artcl_owner_id`)
) ENGINE=InnoDB DEFAULT CHARSET=latin1;

--
-- Dumping data for table `articles`
--

/*!40000 ALTER TABLE `articles` DISABLE KEYS */;
INSERT INTO `articles` (`artcl_id`,`artcl_cat_id`,`artcl_owner_id`,`artcl_status`,`artcl_title`,`artcl_brf_desc`,`artcl_create_date`,`artcl_mod_date`,`artcl_tags`,`artcl_data`,`artcl_filePath`,`artcl_type`,`artcl_visits`,`artcl_hits_positive`,`artcl_hits_negetive`) VALUES 
 ('artcl_1','CAT_ARTICLE','ashutosh049','ACTIVE','Accessing Facebook Data','Before you can fetch a user?s data from Facebook, you must specify your application?s ID and secret by setting the spring.social.facebook.appId and spring.social.facebook.appSecret properties. You can set these via any means supported by Spring Boot, including setting them in an application.properties file.1','2016-06-22 07:06:08','2016-06-22 07:06:20','1,2,3',NULL,'C:/THRASHREPO/articles/artcl_1//artcl_1.txt','article',42,13,3),
 ('artcl_2','CAT_TIPS_TRICKS','jagdeep.dhanoa','INACTIVE','Create intermediate folders if one doesn\'t exist','I am trying to create a folder for each username a user logs in as. Currently I have.\r\nbut the File theFile bit does not create a new folder for the username. How would I do this ?','2016-06-22 07:18:21','2016-06-22 07:18:27','Java,File',NULL,'C:/THRASHREPO/articles/artcl_2//artcl_2.txt','tips_tricks',55,60,4),
 ('artcl_3','CAT_CODE_PICKS','ashutosh049','PENDING','File Class (java.io.File)','A file system may implement restrictions to certain operations on the actual file-system object, such as reading, writing, and executing. These restrictions are collectively known as access permissions. The file system may have multiple sets of access permissions on a single object. For example, one set may apply to the object\'s owner, and another may apply to all other users. The access permissions on an object may cause some methods in this class to fail.','2016-06-22 07:33:15','2016-06-22 07:33:15','Java,IO Package,File',NULL,'C:/THRASHREPO/articles/artcl_3//artcl_3.txt','article',66,50,9),
 ('artcl_4','CAT_TIPS_TRICKS','ashutosh049','ACTIVE','Overriding vs. Overloading in Java','Overriding and Overloading are two very important concepts in Java. They are confusing for Java novice programmers. This post illustrates their differences by using two simple examples.','2016-06-23 07:42:11','2016-06-23 07:42:11','java,overloading,overiding',NULL,'C:/THRASHREPO/articles/artcl_4//artcl_4.txt','article',54,7,3),
 ('artcl_5','CAT_TECHBLOG','vaibhav.jain','ACTIVE','Spring Session - Multiple Sessions','The steps to integrate with Spring Session are exactly the same as those outline in the HttpSession Guide, so we will skip to running the sample application.','2016-06-23 16:30:28','2016-06-23 16:30:28','Spring,Java,Session',NULL,'C:/THRASHREPO/articles/artcl_5//artcl_5.txt','article',4,44,6),
 ('artcl_6','CAT_TIPS_TRICKS','vaibhav.jain','ACTIVE','Screenshot Test','Test whether screenshot taken and pasted to the article gets populated or not.','2016-06-23 16:33:27','2016-06-23 16:33:27','image,screenshot',NULL,'C:/THRASHREPO/articles/artcl_6//artcl_6.txt','tips_tricks',10,21,78),
 ('artcl_7','CAT_CODE_PICKS','vaibhav.jain','ACTIVE','Implement a Stack Using an Array in Java','This post shows how to implement a stack by using an array.\r\n\r\nThe requirements of the stack are: 1) the stack has a constructor which accept a number to initialize its size, 2) the stack can hold any type of elements, 3) the stack has a push() and a pop() method.\r\n\r\n\r\nI remember there is a similar example in the \"Effective Java\" book written by Joshua Bloch, but not sure how the example is used. So I just write one and then read the book, and see if I miss anything.','2016-06-23 16:40:15','2016-06-23 16:40:15','Java,Array,Stack,LinkedList',NULL,'C:/THRASHREPO/articles/artcl_7//artcl_7.txt','article',116,68,1),
 ('artcl_8','CAT_EVRYTHING','vaibhav.jain','ACTIVE','Testing for Type ALL','No description','2016-06-23 16:44:29','2016-06-23 16:44:29','',NULL,'C:/THRASHREPO/articles/artcl_8//artcl_8.txt','article',9,91,1);
/*!40000 ALTER TABLE `articles` ENABLE KEYS */;


--
-- Definition of table `credentials`
--

DROP TABLE IF EXISTS `credentials`;
CREATE TABLE `credentials` (
  `login_id` varchar(45) NOT NULL,
  `login_password` varchar(45) NOT NULL,
  PRIMARY KEY  (`login_id`)
) ENGINE=InnoDB DEFAULT CHARSET=latin1;

--
-- Dumping data for table `credentials`
--

/*!40000 ALTER TABLE `credentials` DISABLE KEYS */;
/*!40000 ALTER TABLE `credentials` ENABLE KEYS */;


--
-- Definition of table `details_donor`
--

DROP TABLE IF EXISTS `details_donor`;
CREATE TABLE `details_donor` (
  `dnr_id` varchar(45) NOT NULL,
  `dnr_name` varchar(45) NOT NULL,
  `dnr_bgroup` varchar(45) NOT NULL,
  `dnr_address_l1` varchar(45) default NULL,
  `dnr_address_l2` varchar(45) default NULL,
  `dnr_city` varchar(45) default NULL,
  `dnr_phone_home` bigint(20) unsigned default NULL,
  `dnr_phone_work` bigint(20) unsigned default NULL,
  `dnr_phone_mobile` bigint(20) unsigned default NULL,
  `dnr_email` varchar(45) default NULL,
  `dnr_age` int(3) unsigned default NULL,
  `dnr_sex` char(1) default NULL,
  `dnr_state` varchar(45) default NULL,
  `dnr_registration_date` datetime NOT NULL,
  `dnr_birthdate` datetime default NULL,
  PRIMARY KEY  (`dnr_id`)
) ENGINE=InnoDB DEFAULT CHARSET=latin1;

--
-- Dumping data for table `details_donor`
--

/*!40000 ALTER TABLE `details_donor` DISABLE KEYS */;
/*!40000 ALTER TABLE `details_donor` ENABLE KEYS */;


--
-- Definition of table `user`
--

DROP TABLE IF EXISTS `user`;
CREATE TABLE `user` (
  `user_id` varchar(45) NOT NULL,
  `user_pwd` varchar(45) default NULL,
  `user_fname` varchar(45) default NULL,
  `user_lname` varchar(45) default NULL,
  `user_email` varchar(45) default NULL,
  `user_img` blob,
  PRIMARY KEY  (`user_id`)
) ENGINE=InnoDB DEFAULT CHARSET=latin1;

--
-- Dumping data for table `user`
--

/*!40000 ALTER TABLE `user` DISABLE KEYS */;
INSERT INTO `user` (`user_id`,`user_pwd`,`user_fname`,`user_lname`,`user_email`,`user_img`) VALUES 
 ('ashutosh049','Ashutosh22','kumar Ashutosh','Dubey','kumar.ashutosh@skillnetinc.com',0x89504E470D0A1A0A0000000D49484452000001110000010C08020000006CBE159C000000017352474200AECE1CE90000000467414D410000B18F0BFC61050000000970485973000016250000162501495224F00000CE9E49444154785EECFD879F94C5F2FE0F0B289296655972CE4991A06424A860C004288A282A2A88193D620251CC09139830A16044540CA0E49C73CE202219CFEFF90B9E77F7754FD3DB333B3B1B00FD7C4FBDCAB6EEBE3B5457D5D5D53D3BBB9CF63F4A854E3FE34CC767142D1670D1338B073530957E2FB87091330A153EFDB442450A172E5CA850A168E818C5D72427DBBEB0E34266D8D34F3FBDE8196878C6994551C0B27B3C33919205CB6ED293C6810209D97741F02AE060F0EC3872C0FF2839A56E779FFD2E94454E2F2ACC10EEB9454836741C30458A9C0160F028D85029C1E75C299F070EA63B091C2810CFCE058E83063E078367C791EDFF47C92915A3E7D806CC00181BE511A5081E3583A2E7E36400E3D20BEE74509150AC58093DF2963649744BC86E390107CD1C2BA44E26070AC473A0391C34F039183C3B8E6CFF3F4A42583347A3FB0DC4540667B60033110EF28119771EC391028910221666041B30631291A75B2AECDA071C3473ECA63E691C28909053D15C1C0C9E1D47D6FF1F6547B2668A764FD84035BADE98B3999767F2492EBDC001601CABDECF33F11A66C7AE7D8A1C4C7D123850389F1C0C9E1D47D6FF1F2524674D3F325CA5E3EC3E03A0745DF458B8C81960263E63E48A9473A02438A104270E517A4CB88484CA2767374EC06EAE93C681620127F14B420E06CF8E2337FC8F7C726675D1E03F4A4E91D59E0111F4014092CF003868C19CB86C2E8AD87F74777D1F0CF12CB424E0AC8A39DDFCFAEC58EDE3D96F130038219EC5D227A81427E9E5BF52777FF6EC18253915C34E5B0981974D4D6A1C79EB7F24F3894F0E6644D1F49680440018B1EA81532A808115910938AB624E37BF3E3B56FB78F6DB046AE48819C7C1DBE49CA5AF377B761CAFAD84FF61261784ADCDE19EE0F32C9B90654D19D43DBAB7A9B0DA1FC70C1830A8301481C6231F273E73A2733BA51B30C558CF8EFDA1FCFAEC58EDE33968060795D9B531F5711C4467C04163C359874DC89A2B9A315643198F991459EEFB7F859CE953C44CC0B9352EECDC83901D66F468C9838A321247B5C2A7C7CF7BF23103AB8BCF410371509FB059D4DD63078C242CAF45BE53C7B8911372349DF748F93FCC24A3C0F430E6CE156664D6DC1A17567B61C6A24590C88E22B48013E5963CCC9822BB91F389BD780E744EA8BFDA044EC991F38C9980A5523C6624484EC291AFFEAF5264D944EEC995C59D35733468C06A1F60266B6EF1282B5AD4313EA6A5861AE499DD08058B9978DD7CD9B1DA041E81B902A57E0B329C75D814592A25C18C1EB3E3C859FFC728B17D3D8E7C9032A768CDEC383966782CCC9D05CAFAF14E42C0C0F9D1C4B11BE11462C6392257ECFB31183645964AFFC34C7800F32DEBE774A5F5A84D36EC4C169835476B2661C0901033C8E6F3E333CE285A34315AF23C6372766B39B598F1D9F92E3BCEDB67CDF12C95FE1FC54CB01871106D496282382E51328D6667162B0113CD34A68692C7E2254A11E59434D379092701B962C54AC86708EE3121FB4903C1FC40D35D690A15E1914ADAF8CDE0D4F5CF3F33853F75C0B99EFACCA2B9622CA0298A152F290B63767DE6C12395BCF2DB04E6851DDEC4FEAB2467BCEC580AC81D4CAA0F60989A4766C76BC8254B958E82EFDF482C20213B4F2B1A92385EFE207C69296351894C4D5AE932BCD523B0A1196FB19AFF139252A54AE3186A7CBBFB2CEBBBE978C407063631C0F8EC9AA5AE7F81B03F757E390E15C999A98D55ED3E523A3D8311F082AC21FBA84695C88179611F30724A7E58538B999419D940A59ED3078EE2EFDF45523D3B4E3DE678A53C836CB6319B5E54AF4DC598CC0A1AA4448952C249E9D265F0907EC84865607AC701669031BDD8AF0FD8299CA3FEFF388E43450E5CB4189B08DB93EC9C5EA6AC6F70251C6D58081833302FEC03060EDEE696F13EAE613A3397353BB31318952A577509C7EC7AFF16322E498D5D90E518739846504110D3458F6C7B38AF545A7A9BB6EDAB54ADCE664365C992699CC4A8D779AC78F192C90F001AD09F51BE0F2A034E5DFF7F1C0790C889592021A8D36FF51AB5EEBB7FC89557F5D4AA010F95B0DBC59003F3C205081898B9CC2C762EC940A85DFB8E37DF328078E051EE8B22F29F4CC75D921AA71E73588452369240173989B26C66F93B07DFFDE488A76BD7A9875FF12E59059CE01EA04249CEE1916C1398DE31A389355D7276CD52D7FF1FC771A848CED89F5D09E38390175E7C79EDBA0DDFFF30B9798B73A9C1E08A5A8C8005908DE0D9565C80808165704A189594739E7DEE850FC67E54A3666D1724515CFED348AA479EC825A71E738287988403EB3C4026A95CA5DA33CF3E3F63E6EC7E37F62F9391890BA9072A204480E1560384784C7236A38B633791E3A0DEC9A9EB9F7F66F024E34B435FC91C380E15C999A0C405C0E6A6FEB7AC5ABDF6CF7DFB77EDFEE3E1A18F2AC9C83B6A83404D605EB8000103B352E67240E57051B75E8369D3677EF9D537356BD541935878FCC32888983C7030028F0809193311F4185D377BB850A122DC551A3468F4C20B2F2D5DBAFCB1C79EC8CC2CCF910C14D198AC8240039A713C83E998E473B3603A692595A49E2A9DC2E278FDF558E0CCC8E2A0DEB134747AE6C86CC40959088967A62640BB5E70D16FBF4FDFFBE75F7BFEF873FF814393BEFFB15EFD86442703D28048652FD3961F98172E58CC68462D16059001F3FA0D9B5009F050038A781545EA29A778AFA4E8A77866A9123482AC9090313738D1110B99E82F5BB65CD3A6CDC68EFD68EDDAF5AFBFFE668D1AB5A80727E4165A0230E0D4B367EF6AD56A50AF4A3830BD633791B62E33A3A7A16A90C57AE5DEAA81FF58B0ECE64D32BE341407AF12720015C70E2401B3A9D76FD068FC842FFFD8BBEFAFFD074932BBF7EC5DB17275A7CE5D9911A33126910A660856527D605E98A1CDE871F579634D8A4174E2C82C5761F49877D16AE1A2259C186507D48842F6E4936FEB78967E41A563ED3A68EF6416E9964469D2826D80CCE23104A506A4BD042AF5ABF4850A1522EA51A974E9D29D3B779E366DDAF6EDDB3FFCF0C31A356AD0A054A952B4296649709A366D46A3464D3031494670F2EDEE33133996E6E284619AB0F2D4B2A0EE1E835524E03854F86C0D8F55CE040BC54A14C769A54AA7BDF2DAAB5BB76FDB7FF0C01F7FEEDDB3F70F849DBB773DFCC8509AD19E52ED61F39BDAB10F60C8FCDAC228D3D2D2391E53AF9CAF7A3641637F8B57810A37C9534960C6144C5AA84861D43BAD70A1739A379B3E73C6BEFD7F6DDEBAE58E4103794F256D14C0054C812A8E431367CFF171E633FB13361230DC61175480072AE9C881985299141944D18CC6348391CD08E67C550CC09428C129AB587A7AFA800103A64F9FBE61C386B163C7D6AF5F3F2D2D8D5442833265CA942C59B275EBD69F7F3E61EBD6EDCB97AFAC59B3B6991D65C064A122FE1A7DD62AC44E79C7C9DFFE1338C04CCE7C6651C5B7CFAA5438962855D2EE6067505273CB805B67CD99FDE75FFBE0C3478F009BDD7FEC417EE3AD37CB57ACA0EEF4D220B89DFF4005A18FF1290186C0C3634646A6EA692A78C0C862D3D9C30C6542E60D68A16452E0D1FBDA6B56AF5D833E7F1DD8FFE2CB2F95299BC12B9489A2BC602950C57168E2EC39792461752E8E6040891B01000003120BAF8CE18A16E3E25E36B3BC4BEB8213A546A08B494D964826B56BD77EE49147162D5AB46BD7AEB7DE7AAB61C3860009DBAB41F9F2E56FBAE9A6193366ECDEBDFBC081033FFFFC73464606CBC481388DEEA4A984A455C4AFC5AFF7D96FF34FE0DC6246511ECF0A5A70824089CC5EDEE1FC8EBF4DFB7DEFBE3F094A320C98410036070F1F9AF4C3F775EBD7135A28E985BBCC38F6E6C958BC00004A2C64955AB5EAF4EA750D07695CCC5BD20E9579C00C53280122142F5962E4B3CFA09230F3FED80FCA96CB94FE0AF282A4400F9F031327E11C6388E887B125CDB014E02959AAB4E40A152BB76ED3EEDCF35A97AF50899606513623D1809C83E0FA0A152D5BB67CFEF9E7B76DDBC6916CF4E8D175EBD6D5690D3C509E77DE792FBEF8E29A356BFEF8E38FBFFEFA6BCF9E3DAFBDF61A98C181E65B95962C4012905611BF10571F70D0EC94731EF20C4CC039763512000011490057A854F1ADD16F031840B26BCF6E8526A7A023C78E12A03367CF3AABE9D9E08A96F4A50BA16CFACA95161500066090E4D3D3331E7BEC8971E33E6FD7AE0395CC446B7D48832CA68B8F1927FBF546B6C990E6E4C34A552A7FF1D5970018ADC87ECFBDF07C5A7A6994A14114E805489A3E218726CE9E93C7906080400291A01F41C2356BD5E9D9EB9A3ED7F56DD0B0B10621FF80109782CC91CC7E9109196CB469D3E6CB2FBF040960E6CD37DF24C30830E4994A952A5D7FFDF5DF7DF7DDDAB56B0F1F3E4C861166060E1CC8CDC740C2E6288B8EC4246DB363A9270E5EFD4338D78AC5AE2E01B3376BFF8679640BBFA6CFB52B57AF2222758D212E859943470E03A425CB96B66AD35AE737DAAB23F1AA8319414F9E81399B818D4E9DBACC9D3B7FC9926508BCA59E48A3A4B109B9186660614398514D508F924A8668D8B071A319B36672BF02C3A0FAE65B6F2999564ACA44815E50E4AB12CFA189B3E7E491A4ACA24B8B4182BDB764942D77F915573D30E4A11BFADD54AD7A4D70C25BA514C93068A1A36A68DFB367CF79F3E66DDDBA75E5CA9543870EE54AC3710B3C54AC58F18A2BAEF8F6DB6F492F7FFEF9E7DF7FFF0D5444AB57AFEEDCB933BB192D694617A5A384E4EBEC33860F6AE08495A796E502144B5137C20F26B01CAB867027E09437D8A9CE3EA7E93713BF0521A045202128C10FD1C98E4E98AEDFB8E1A2EEDDD49DBEC7C73CE34C2E30A417F20980A12C5FBEE2E8D1EFECDAB5874B2679468832DD6282893A0F367A7420F1DB18B0596D61546DD7A1FDAA35AB51093DD7AC5BCB6394EBFEA598E1155E1454B8D820009201B7DDF1E65BA3EFB9F7FE3A75EB934368602EFAA715F6A125815E9CDC1E1EFA2800E03CB670E1C25B6FBDB554A95200A071E3C6BD7BF71E3B762CB985DB0B89E5D0A14308A0E5D8B163FBF7EFFFFEFBEF1B346880D52B54A8D0A4499372E5CAE96BFC09C9291C70C2104C312E4F26CB052896AA6E1E5A7C66DB36A156B810CCE57ED893C30109D800215C6308CA9DBB7781196A049EADDBB75DDDABA7720BDD110856839C588621E8F501C00D37DCB871E366AE444B972E6FDFBEA389313A58CC80A828EAB2620616A234946A78A43DD331176DC1CCB5D7F5412B7483B95FD5A85593F711EC0B909C4ED97168E2EC196FC961D93189C27D380600463C35F2CBAFBEB9A9FF2DE5CA57042700499F8C616F4AF2120219A67E83461CDB9E7BFEC59F7EFE75FB8E5DE4901D3B76BCF3CE3B975E7A69DFBE7D9F7BEEB909132670483B7AF4285802216066CB962DFFFDEF7F3998D192F2E5975F2E5BB62C49A67AF5EA4D9B3605663ACB25A440E77F1DE71933049FC25DCCF58068D387665CFD172F5DC2490C781C3874908D1CA828342550B365DBD6DED75E23A85002B9E8C8647FA6AC2F5E10E2679F7DCE37DF4CE448F7C71F7F2E5BB682B39952106F759989CF27621F337A85405FDB9B990C3EEF1FF200FA7074449F37DF7E0BA8F3162E48CC38C32589755FEF84ACE5693130C48581C175FE616F6153D7B9087B40DC28AEB9E69A8913277EFEF9E79CA6D2D2D268434B5E5112CD74A7A65AB56A575E79E5C891237FFBED3720B16BD72E2EF47BF7EE050360836CB362C58A0D1B36904FC0099560098136FB70C8FEFD3C42A41AF003B418B94C9932DDBB776FD9B225BA19ADB22E13569C05AB2B285628C0C1A439B21BE104B19C8277305191224590E5321E5559A3468D77DF7D77E7CE9DDC0F9D6131327B932C2FC2291C9BE942778DC920F2ACBC8F80AF9F7DF659CED5C64D7F1D58B67C65C7F33BEB2821845332BFD940ED57D151C146943E7333E1C1385C5919963861584A411D6070920427A4C183878E6CDEB28D230C1BB44E28B08DF782200D87C6F9C10C2CD888B13B0BE33AAE253993311D60A859B3E6FDF7DF3F63C68CAFBEFAAA63C78EC29530862013738EBAF1C61BC91EAB56ADD2414BF778FC2487210321D082CC2BEA1D9CE448EA7944A09C32650A87372C3E60C080C71F7F1C05D007D2AA7D4E7DBDA9B05C8E41FC4753934B56AF13C70A6E11DB19F6A706013FE21D1C87DD366EDC0860F4A93DD6866467C8E285BCB39F363D7AF450774A884104158241DE67CF5ABC78314EC1410931A3F5622B22881EC836944C8E423D06E9D2A50B4EAC53A70EC33220AFE94A3EA42C57A1FCB8CF3F230DEEDEB377CEDCF96DDAB6676406E4F0C2F8F42D1862C42062E259964D9D897B46D65AE50339806B3A4B1D356AD492254BB87B9C77DE79AC19FBEA124F031EAB56AD7AD34D370127D288821E78201C3C78508E31B6F61C060933AAE7916634E611E2154966F0E0C11919197DFAF4993C79F2830F3EC8214DA8760BF7390FEBCD8E1D661C6CC4BE6D5361BFEF8960ACE1A022C2382A7975EEB9E7722260DBC20B105695D9E389B4DFB56B579C28F8C9EF2EB2190ACB73A2C62938C83871FF411F33AC342A4F07630624850A15E15C270352495C71B47EEBADB7162C58D0A14307A660643385FDB081B35966F972DF7E379103E4DE3FFFFAE8E34FCB66960775008663A2FDF4B580C8C58AD44DC8BE7D93B0D6066320114906E29A8EBD2839147DFDF5D7043180A957AF9EA0C54E26E4942F5FFEAAABAE022D34D03DFEC8912300404888AC6CCD2D0F214354AA81A0A257CA4B10E32C5AB4E8BAEBAEE36C46669B376F1E406546F4C197C132C50578363B6998899F22574CF0E12C0C8259F00525442C52CFA9ECF5D75FE760CCCEC5CDF0D8B163CEDA8E647368EEDCB9AD5AB5C2E3EAAB0125531200D75E7B2D5BA19C6BC6397068E9B2151D3A76F2316304BB160B9292BA0BE9B6C3C8B81264AE5FBFFEFAEBAF674C76612207B4942A9D46AAE16C36FE8B09DB766CDFB173F76DB70FD40F271C2BE00B8050110846BA7A13F8EC8C9B1DCB672C52CCB0C4259602152C89B5B1CDF7EBD78FA8E5FAF1D24B2FD5AA558B06BCA20166C5619D3A75E2C4BC79F366B631CECD98952D8D532F8FDCECF1078F948001276171EBA30827721B957A8B8C60A1B48FF31B7BD2175F7C317FFE7C867AEFBDF7B8D2284470805617BFF6607579661F338A03B13F572AEC3A66C7C1F8B9677300C24DD80419A750E21D8E090F3CF0002EB3C63EBE49213BCBCBE0AA993A75EA59679D25CC300276B6E82BC2385472DE265F7184A62325430933ED3B9CAF1314AC50743FFAE4A4E23EA1C698DC6F3FFEF863708B2B478F1ECDC19EEB6E8B162D68A20F2AD2D24B7FF0E1D8BDFBFEFCF9972975EB3560406053C87ED5DA7E185B10242DC5058519BB254479106050B2D42143862C5BB60C4BBDF8E28BA4570E63985568E1303674E8D069D3A6E10C1AB09F6111081F28F41D2A384F63681DA9E52708598FB4E4AD1EE902C674C3E1900D7248598CCCE6C48C82319121B4F8161007ABCB333BCC60163FA603F3E6C8AE634296F1C5C1AB14196B6013429C923B3A26C2836CE19C66172E5C882FB02D96C4B0943C9A70B7999F1AEB0443C8DF7DF75DEDDAB5CD6664938C30C3E0E42E22E1DE7BEFE5048153F04534C881434B962E6FD7BEA3304386C7F808D88D28421DBBFF9A0FDC9039A7710C61074419228154F3DB6FBF71357AF5D557DDB7633232CB8299FD070F3CF2E8E3254B95C6A7057C2A83D08F110B7B7FCC2E2107268E67394CCC3A9564CCA2CF3CB349932623468CD8BE7D3BD9E3CD37DFE42ECEBC7885FD1EB376EBD6EDC30F3FDCB46913612DC7405804B4D09E1A4E05943C62621169076FE124EA0DB662D7180859AF202AB599312002C4C9A161C3863A5BCB8B2C99853B1660E06075796661465B898CA3FAC0BC39B27A65C71AD91F3FF76CF20CCE829009740E02575F7DF5CC993385134ADC4189F129B12A167698D123F2F8F1E32B57AE8C6D713DE3801608999AF3CF3F9F5386AEA6F882BEC66B070E2D5EB2AC6DBB0E60C61C892D66CC2701368A4832948007CC809C2A55AA4D9830815EDA5519878443A8FCFAEBAF0D1B373AD3FE1C09F0709F993E7306384C2B5D86D1C00C032ADA0B86F007B1927FCC048C8D30190EE0FA3869D224F0009155EBD4A98305333333D98A2A54A8407A218E75BA85B00284F5B10866D5418B1ADD6A10546350627729E460ABA3921ABD955720372688E50ECAD4A8C7D95ACB1748C4795E6F76EC6346B051BD9B284556AFECD801C68D9F7B36A4F84620EEEFBEFBEE55AB56615BF62C7C813D655599D437BE2A2931322E2E57AE1C160E06E4643E6CD83046A00D8D19109FE297BFF61F5CB478A9C18CFD59B6C30C68412B4A7B6631666469975F7E252AA9BB7C8ACCE91D6A716E4BEE336026B37CB939F3E63E35F26900A3CB8CC654B41700F95E11333AF86132C5907EBC4889C668AF8CA935B0488E988A839225D3F4CD0898573041C911B673E7CE3FFDF4136BC3B83FFEF863DBB66D8D194A70422D4CF279E38D37582D46876883D1459231879CE413AF44AE57406AC35E88C06E04C6D8871807622E323B0A68DB938041DDC2C57A8C45529670845DA583018FAC57F5F11CDF37AA4FCA4E2BC9E6631FCB4C27FB8BA9C1E0084E011A50E374A331F3EA1AED74A09E430EAFE8AE47049E4D3C9C7106E7312EF19C76B8C36043990EC21D90F181258C4FA95D0983D3009938E6E0CD083A722B069011DAB76F3F6BD62C1ACB1D6EA83FF7ED5FB86889FB4498D85388A3183AA324AC9B4CB972153EFCF0631DCB21C186A11870CD9A35ED3AB42F62BF4CDDE4ECB33E1BFF79A72E9D198434A0D160057C0190738C63462F5E22FA9B603CB206254D398C3233B3BCD690919169F606BB367C804C65E9D26574F4E4BA72E38D372E59B28445722A5BB16245DFBE7D3928B3BB937C2EBDF4520EBE3B76EC60CDB2B889F7186C9CEC3B49A45772987B14C99480445E444680302E3AE0D1C99327376FDEDC044BEC3322B30B665D3B2C997589156A09D9B8C87AF724604673616AFD6A2A8B001BD4606D9C824003C77A4B3D6F99CBAE38420B3295F211E3A4A5A5A33CBE23D0392AB769D3E6B9E79ED30F4F309DF30B24F33AC29ED85F258F6A8943EFB9E71E5C4C9E51AA519E61E4575E7985A31D6D68CFE0AE2367B3050B179FD7AA8DC20CFBB358137B563D14D62AEC4DA6E7A2454BE825B73A95A8E18E746EABF30A15295CA66CC645DDBB5DD3E75AB20D8BE23EA331E128E2F349CE2B3EA3AE586ED31A10F001F6EDDEFD921E3DAE00F1428B63ECCE5B98B5D1B26CD97277DD75D7F2E5CB8957AC491CBFFBEEBB5CF49914D8DC7AEBAD9C92E5124ACC4769CC174798C327553A4BB99AEC88F149350C2E203DF6D8639C10D8F3F0A23EACC3A96EE18E6562B7349CE7335E0C6AB47CD73E60BF5996FAA41C6006660ACDE2E21EF0F088233038AF882D0724DA50A37991A9A4252148251D79542FDE22D0007F5D74D1452FBFFC32D77DED2F984E4264CA38D22B798D92F6B8834BF995575EA904EE63A64B972EEC9E78411EA70B073362C3F8FDE0E13973E79FD3AC8530C37A1D66B422CE2F288FFCC61B6F3109733135B945935282C0A54B97366BD11C1B54AC5CA9DBC5DDCB57AC705AA1D3D8EEB5FBCB8C8AF9FC92C68A6734765FBF674A7DEC50A64CD9C183EF46EF4B2FED81B75812EBD14E40494B1EC10C42D5AAD5EFBF7FC8BA75EB6447883CF3F8E38FE3A54A952ADD7BEFBD0B162CC064FA488035D380470C816CBC911AD138617B26C537BC625864482D01306181FF0C4EECCF0AD00757008F60F9A960C67FEBE45C713069127698A19790200CC0581B0C28AAD8AD106AD4A8C5451925F556E87270A20DF5C834D0501C162EB9E4B2975E7A85DC42106328ED3290EED99159E3F62F5A52EA15BEA33D8FCB962D23536158B624635BFB0D006EADA3468DE252447033A6FA12F460D2F4DA7FF0F769331A346C0C66E40B9354CD274766BD2EC65AB56A337BF65CBAD28519397B33020243514E9C38B17ACD1ADC67404B9D7A758959DC42DC166237B13B3E1C057D3E4963052C8D71126B2851324D5F3D2E5FA1D2430F3DFCF3CFBF021BCE66721B1E42D0DAE4369CD4A041A391239F5DBDDA7CB3181F1C3B768C7C8DA538895D71C5152468B0C42BD6C9E28DC96214600639A0E8458C1256425432949C8DCCC808E0537F2400B4A031C42EA82D507EF2991A630117DC1E60C454B26A2DDCAFCC1507932667614648208628897E26D5D7B1841C2CDFB66DFB162DCE0533524F5A0118339D3DEA70FEC2716C6DF82B3D3DA34B970B5E7FFDCDE5CB57128BBA66C86B082A654CB9C69135B321390E814A85F2FCF9F31B366C6842CB66724AECCC56B572E54ADECAE310232BE730E9BEBF0EFCF2EBD43A75EB931622CBC7F608E94F89DAC3863DB963C72E0B4FF3831D4D8A4C6881C6214386B095152B513C3DA30C80C13F3C12C9846E4162C6F9239ED19BC9C02848C51FD56BD47AE6D9E7972C59066C48E2DAE4E427BCA82423DFD4A953EFD9679FDFB66D07066431FAAC4C9EE0914327252663CDB235F5BC65E5EC40D61D913F2443C8CE617AE5C8394CA43610ED796440BC82C0742431707BCB2DB7989FC6589CE86086C6EC88C1DAE1DC620623289A73C5C1A48E99DA97F5480C310516A654AE7048C0F88D1B9FD5B367EF3E7DAEEFD0E1FC8A152B5329DD7010A5D08580E360DAB3EB71C67EEBADD16BD7AEE70288B30008BE90B3B02A6E42C07AD4604F4791892DC9F8981759020D66CF9E5DB3664DAC6A022C76691C3972241E575A1060D4984733CEFE833F4EFEB946CDDAFEDA0D6CECEA54366DDAECA79F7E4135C28179E94577C6A4C4CB24B70E1D3A14B6DF5CB64754F3AB32B0311A2314E0D94CFE8867E04E7A61269DCDAA56AB316CF888F51B36BDF2CA6B1CBAA8C11F94400576FE23879E7556D3575F1DB579F3564E9B3A9439330924788247190B99B0A6018FBC22AC657A11B248B22A45AAD7209099C623E6F2FDC1BC3C32D7CF3FFFDCA4491393556C7443F2A8819035A8581690CCBAC4F82CE084AF5C658AEC260DD82920598FB8039B830126C2E6581E2F6073F20CD7CB279F7CEAB1C79E68D3A61DD943001636842B58F5B4072D175DD4FDF9E75FE4328D07083F1B856409F3C362CC4540E30B0211BB614064D9399EB0360D5C49477A4D9F3E9D5B2B56D5072D60B75DBB76DC5DB55742C2A4BAA8D79FFBF67FF3ED77152A56762BD5DA8D8958FEE945393DDE75D73DC0DB6AF71730A63BDA123F8CC0989F7FFE79FDFAF58B972C416E8139AB0218C0E34E4C326314F7F9210D14CF4085C94832254B956ED4F8AC51AFBFB969F3D6D746BD51BD7A4D7D62C362B48DE13C92269570AF5ED7FCF2CB14127B6C3330C99A25B27BB13C64D948A91F4FC8192C9E9266D60B11512942562FD54354820708F7F86D18010B3232242852898CAB68CCF5E9F6DB6F27B74036800CD4AD47A9303FED92939C05F428B7C973F11CBCD2634296ADE2D9CD12B0AF80D30725394AA1ADF62C0C4E4CD6AD5B7FD0A0C19327FFCCB9A54993B3C109D880D58629682F0821701EEBD8B11368E1D8CC4160AFFEFEC53E7634C3B80C1B3A938A7CCB07A466D89636C8F857897DDAB469E5CB9727BAD88F302EE079ECB1C71859014003F582F08EC6D9BD67EFE7E3BF482F5396CD9A95EA272AAC5A806799F5EA359830E14BE989CE74C1AD7467CC8D1B37FEF4D34F3D7BF6049CE044BF838D50C8FE7A19E330A630A398CF17A18DCE790C2A84509AC4C2918C23A0DDC36AD6ACFDE28B2F63DF4F3E19470EB1BDCCD7903007C91773E8A3F7468DB8C08C243F72A197DD851699C918D812B2FF184FCE0DEA8B7D097D6A6468FAD200D22054DAF10C693A0435C39AEEC8C7916CCA942900A66CD9B2D88E05163DD3FC59C7E2254A974ECF2854D8AC57CBC7ACE6EF13D8BF861EFD66B917C726C42D361482C67A3628E9457B4A07BCD499113426822F2B0742D8163B9B246EBF184E4DA952E419534F0DA791B163C7724FE0285FB76E5DB5A419026D1888474A64F688962D5B0E1F3E7CDEBC79441B9681301A64ED1711D6CB15C917224C4D096C66CC98C18D5F3AA00CDBFFC2850BF5350E1AA817BE83E8824C0DAE7BEDB5D7D911302C61A5033F2CF0F3D8BBF7B5E09CC30B8911B6B039B475EB76F6E8A1431F6DD4A889322A5E701C981A56D8E78BF03733E9D36B1B49E62F273134A7326D66D5AAD520DD0398891327715C6697C261B881BE58242D2D4D658F1E3DBEFCF2CB356BD660025904923F2099093276CDC92BC43A6DC009445F1E9D772979A5C11134B2DA2030B52F93C178DCB061C337DF7C433CB56EDD3AC3FE71261002548A9CCE9ECD0239BA9C5E36B3E299C5CC6791C04676C0DCC8BA44022658164F8E99C245CFE4E6A796A973769881F89FF99144A952C84C066987A244AE52A54ADFBE7D591DF74376F14A952AB9362C9360A597608350A3468DFEFDFB7FF7DD77BA4CFA56C55C5064FDDC937CE1644AC6E46C469E01D52883FEFA951B26758D11F011A42E5492F19E7BEE05028CC5B1532B374A7D1EC1D23BEFBC87D63B777242E1F87764D7AE3D3367CE1E31E2699D456946D63DE198C1D926082C0315F65DBBE99ABD96923C53A54AB5871F7E8413E4871F7E7CF6D9E7E8C3167C465F70C26A30CA39E79C83C3962C59824530018B479051909507781421EB51964A4874C1E8F895361063021EBF97DCAC5794EE1511201D68B076ED5AAE2E23468CE8DEBD7BB56AD5408BE2CC0462B152A79F511CC050821C1ECF284A86317F8E103B80197603E10783988FD71361461C8F19D73275D6081ACD8D8FA0F452C87EBB07E5B1B6CB1818BF79F3E62FBFFCF28A152BC8EA0F3FFC7019FB170F59206D207CC44AD59157D75E7BEDC48913B900602BAC4409910D1C6664401172AE882E0CA2BE1A0AE26C56AE5C39142054B0FFD75F7F8D6B98D1B541F001633DBEF7D1471F77C748CCA252F869D5AACD8A15AB880500437A59BF7E23106ADFBE23CEA2191B0B2D61B3E2EC3163A33E1F240FC12E38280518FD00A84C99B28F3F3E6CE9D2E51F7DF449CB96E7D152A767DCA0449F9999D9BB776FCE919C7CB088D9B5621F4D0A3C08328A881A11B25F1F100DD49D122BCBA90C85CC5B67684AEA81961C46CDA64D9B38128C1F3F7ED8B061575E7965C3860D4B972EAD8F928921886062E1C58A93EBD920B0697164600366CE69766E46D9722C1F6B28DF5A13178EC70CACB076510ECB437ECBD4D90D2276230B1EC0005343400842A85CB9729F3E7D7EF9E597A3478F72DAE1ACA55FEE657574512F5AB2D2F474AE2E1D478F1E0DB4B09E7E3082B91C78645B1913C2B6108FB9223A328846D08008E419CE6652A373E7CEEBD6AD93B3349D7A8990E90571C31D3CF86EE2DE999760E31153907CD8BB39EC807760B363C7AE37DE78AB72E5AA6C0E34D08188F6C4A78F99C0CEB089FBFC90739226D097A539C7EB63E5B4D2656EBBED8E254B96712403E2A8857EACC19E32CD86DDA04183A1438772ABC60D1842F94426902D78C410D63E1151234256CB8484DB482C02897CCC51F8C71F7FFCFDF7DFE7CF9FCFC19D1CB27AF5EAA54B97CE9A358B64F2C9279FBCFAEAAB8F3CF208678FF6EDDB57AD5A157808D82C9392B30102E0219ED01CB400154A320CDB042BBDF1A69B3FFB7CC22597F6D0D98C5226C62C028F63594C1E75063435B6B1DF3275CE324E6C582BB0CB1A00B05B43E8CF426AD5AAF5ECB3CF2E5FBE5C3F08E63CDCA2450B56073C041B166E9D5BB47AF5EAB7DE7A2B9B08CDB02126C5E608D639E683C4C8191E6644F242EAA42E2AF11A843067CE1C54456D404E1AE462490326351D2C99996C1714402B08CCF4EB77933385B20D02A868D0A0D1F7DFFFC86E4C1BA263D6AC39175C70913BBCD106A8109C08C63531C3C63396C93B492DB176565D82F5470628FBDE70E39C39F3468D7AA34993B3D10304A33A25EDD9E7EEBBEF3E92AFDBAE5839C18DA0C55B471CBF7558134536D52BD564471A100287DC49F4FD340EC7CC8B1B1A376EDCB469D3B3CF3E9B6B25F020D771AD2798145E049616086CD8E488217C4630F18A52582299709F81C936E965CADE31F0CEF90B16ED3F7068E433CF916A583ED10F96303180E1D137BA6F379FFD36B965BA6B3735FE8E618668D08A28591DB143CEBCEEBAEB7EFDF557D2059661CFFEEDB7DFD823884BDAB0584ADAB0644E6EA4D9091326709763032252B507D145BF3A81B3FEFEFB6F19B940C8772E83232F5BB68C0B248E00BA1C0B85195EA96540F4226CB89F5C75554F67017BA231B0A1E68E3B066DDCB8F9C891639CDF38987153285BD67C8B8C6698CE414B7D03F3FAACD8C80B4927C7DA5689128E64C413AA74BDE0A2CFC77FF1CC33CFD5ABD7008500348C4EDC675AB76EFBD4534FCD9C39533E807009253E505AC7284EA09405F5A81A595695D91123E85603CD9B37AF53A74E6EBB2538887B0859CB41205CF4688C677F7C46DC3469D284733CA747F0462570A28470065735D2664646E64D37DDBC60C122D2217B18E99E1A7B053077501C10719CE90B98ED35572E87E514745062411B74E678336AD4A8C58B17CB7A5875D1A245975F7E39AF68C66211D814B040BD7AF5B85E928431203EA2A5F6321EB13F9E924C19D9DA230D1E3DA44C7461404AC61444A9DCBC7933691FDDB8777128505A439924E39338BB75BB9885C3D8412EC01D356AD4FAEAAB6F74FEC04D9B376F0542266EED558706C8C4A7EB129AD7631B2F792279E538DBCFAD1911F01081653232AFB9F6BA9B6F1950A74E3DA53C1D1389A74E9DBAF4EF7FCBEDB7DF7EC30D377CFBEDB7F2816C247B61110B8DE8D75A24CB4C92AD7172F00DCDE45146605F64C76ADBB6AD765C0208CC204326B4ED5F30215CD85F891B12D1B9E79ECBA59F33C90B2FBCF0C5175F708AFBF4D34FC945B40454B461108E979C8F19EF8A2BAE9A3B773E2A733EE60CF8D45323798541744A960FA8F18D9E8483535C2ED8C38C5D5384192D994591667FF8E107B23AA666C3C674FAA08CE5B028D68E4DE84646D5EF846FDCB89136B8862E3269405858CE82A22A4BF135A910CED2279CF80B41C9043D478E1C89FEA01D4D68C65B2147BD4426266251B175EBF6CE9DBBB270CCAE123BB0BB5D76D9E55CAA8908920CE5EFBF4F6FD8B0B17CA40D8E66EA42257268DE1847D19F07924BE424B100A37308D9A6747A46F90A9538E5972C994662D1A7E3740142679DD5B44A956A8469EDDAB5B959620B0CC16AB117A4951708E1518DC9D98C080000E79D771E37A866CD9A71A9BDF8E28BC91EB7DD76DB9021431E7DF451DE421F7DF4D1E4C993B95F6DDAB489B33E7DF110C2C08103CB9429C3C20941ACAB406409841777A1C3878F722400305C2ED9BD40088BC5FA980537B0769AFB764F851D7830ACBBE42441947387F2398E47073B7BC976EDDA7DF8E187205FD6201C8101E1A83FE2AE040B66089C4A952ADD75D75DDC5E6886536889775406485098425462670994BCA2AF4A09CA54BCC20B18D3F4899D14D446C3D246EDF54A84CC15B455AB560F3CF08050E4A2C53508882B7E9B36ED303E36D7CF0691D9DD5E7D7514D7183BC3C19D3B773FF8E07FCA97AFA8F4929003F3C2181F56FCE79A82D1E52A2EFDB8560777B93972762CD9D186C6267A6C4DB56AD59E78E289F5EBD76308FC27AF607DAD3CFFC468BAB0E227CCCD23DBEA424BDC6D38A3F3A84FEA9CAB68A68E943ABB233302972E6E3E2CC0E40EFB07D674F3E152449E641C00832718868341F7EE97B040998512B729E3FBD64F85738B1926623AE203A8301D25D0853958CE9E3D9BB570EE5592D12EFECB2FBF9C7FFEF9E0443916E19C73CE79E5955756AD5A252FD092E5D312FB600499C511352259496F051E094005B26D0D7E341AB0D1806AE3939CC52B48A35122EFDCB973ECD8B1DF7FFF3D1D994BFE82ECC0C7C9686069D3A62DAD5AB521C060DC25FB739D9E3D7B2E3719FC89BEBFFE3AB559B31658493E4AC881791D4718C82D05A38BC18C3E067017DFA8B42031A0B27990B359FBF61DEFBCF3AE8F3FFE9890C54CD84286C66AF1B6C8336937729EC39A3886431AD34986342F93CA1F08BCD24E26C5A4CF6BAFBDC66E0D54F43100C47A38AA0D1F3E1CB4D35844C73973E6346AD488430E7E923FE4397AF8B6720E083895363EBB8D0966469D15E9ABC370C58A95D94D57AE5C499E642DA8CA5A30327A7237B8EAAAAB48980006B4401C7EC68D1BC716C642684668AAB1968659780C08133903CA74108D6537D54806AE7881312160E3E041634A46C017764843BCD2236F698FB6C409CDA8979B180AC1358610343BCD366CD8D4BC794B19011750B2717017D0177CB8C9C08F3DF6846EFF2962C6193902401E483008987B3F8081F5B919C8412730C335A652A52A679F7D4EAF5ED73CFBECF3DF7EFB1DD7656E602C4FFEA3542823C88205421A0D1363537C80CC5CF88057B22FA496221E2DBEA2AD91471AD38B230D5B35877E73E0B5BFFC047290B91E1061CA54D29FA0FCECB3CFAA54A94208D29602B420E018EC234F887D7FF89C4A1BC7CE9130660733ECA94C0A5A98B15EBD066FBF3D66F5EAB5AC1AD2068140AA59B76EDD238F3CC212CA972FAF8F01FBF5EB47C254B8D386528E9001650D6B9590645BF75646D00894F405211A5696E7910632ACBAD097066A43A91969201D185F0D2831350766FDC51F647587680321D0862EAB56AD69D4A889B940DAB31942E5CA55C78DFB9C0CA39BCC37DF4C6CDCF82C4C64BC94D5E63EC7DB19234700C82D399004CCA02004463027E9D38B366A7CD60DFD6E7AE9A557BEFBEEFBE5CB570274343E7080D32D568836242CAE3F098799B4BB1414C9978C4C29C2B20049B3A806814A6A209451A57541F4F901F513274EE4D00F5A38F7135E10966EDEBCF9E4C93F3012290A9F120774643BE75EA4EF0AE00F983836D68F3B03C819FAD9A55835F16D1C3BCFC5D788994B7759AE4F2D5A9CFBE5975FEFD8B10B6B13BB6C04589BE550B2B4B7DF7EBB42850A2C04FCA3EDE0C183972E5DAA3886DCDA2116A57DC4D52424DE3A1B42AE921447703308AFA861640C453D356A8320D2A34F344325DA0312AE9753A74E1D356AD4DD77DF7DFDF5D72344DD2CD1D838CCA28B5EB366CDE1CE8C354C4CDA7F54B8478F2BD6ADDBC0F919DFAE5DBBFEEAAB7BB1AD10A2B449029B783BE71D33D188590163D87ED08C2A70DD7A0D6EB9F5B64FC77DBE6CF9CA2D5BB6B165E03C2210A561EC0F13BE4AD3988665B355B360566E2D560024E7C9E5CEA01095928DBDAD40244134936B29A9540C0183279F7C323D3D1DC0E863257DC4C4A96CC78E6DF894B1810D71C9501C78BA77EF4E1BFBA19CF9222DAC6392128E6339239F9809583B2B1DB950FDF2CB94AD5BB7B314CE21106B116187AFBFFEBA59B366A44DE0C542EEBFFF7EB225AF641904DAEBC797321DD66069BCCA8E64439A31B8720B95C43A27BDFE96B0D5175F7C3177EE5C2E7EDB2C0124A6205DF8C45B68EBD6AD94CB972F9F3469D20B2FBC0048AEB9E69A8E1D3B366CD8109DA142850A5D7EF9E59B376F36CEB3C474CC0E21A0099B45CD9AB531856E329CC15E79E535004392A17CF1C5972B54A88495D8C5E2F3BFCFBE6D9DF1230CE48A8271618316CB9CCDB8D2D4AC55E7AAAB7B8D1EF3EEFA0D9B0E1F39F6C75E3CC1F6C385C1086260C3A3E24CEB0430B8074353525320840B21046641B00160224025045C2135E3D1DADF10322AE92D30B8E28A2BB425932CF411538F1E3D8800A0A2244389FE74E4565DA74E1D9C6A767BFB593365C29D4C9EC80366D8EA24F8AF94DEC10C4170F9E557FEFCF3AF1C7F5834C1C92AB133995C1960E1C285975C7209CB6115356AD4603B58B3660D9A13B22C9906946C64945809B3208001EA59A0AC1A4F6A46C938785010C56E975E7A2921CE3D905456BB76ED7AF5EAB568D1A25DBB76D8B34F9F3E03060CB8F7DE7B1F78E001CA418306F1C8F99057C0034883909A356B962B578EEE441D7B904EC5A5EC1FD3E0A8CCF192A98DB7AC73AD3F8D07997DD4A837CA97AFC83EC56E8519DBB66DCFED5F4966FCF82FC8C0DAC5C8C602956F739F7D0B3B160A7241C1A03E1351A5D2D2DBB46DFFF22BAFAD5BBFF1E0A123A065F79EBD7FDA94A23C73E810475BF6247685C32007DF689D22EC4EC9FAE589022106A47436150933544A5003E0E137264A788B037EFDF557EEF4AC5D3E23FCF1E5471F7D64B5FD73FBF6AD840AA827E608CD37DF7C939D9B66B6B1D9C0000CC8219A7152167359CE2D66004C3C66041861869B2EF181855107D81C39728C5241CFBAD8C2C92A65CA9401D2D5AA557BFEF9E7A9E115BB3ECBA7198411A881300232256851BD316822A28DC38C5219A658BC78B1B60FC089F5289111887E656C7410399906106FF508A9313697E5A9611CEE60688E86D1F431974901EA870D7B129BCBF2A0E2EEBBEFC508A8397DFACCAE5D2F645BA15E4765DA6034DFE63E3B0B3B3618489DFC9EB88D5B3E59053E0DA4DA3F8E71D6D9E70C19F210470272BB4DF2ACC1DC5B40811616102B8CA45C920CE453F4C223DAA8990448F56803498E2722832EB85FF8A1C4F7A3478FE660862FF119B18F0BD90B7530A0A548FE0336BD7BF7C6CD84AF6FAE3C73E0429F4120FEC6F19484857E57E4C61B6FE4DC6F4D62308F4A2889C0DE2F6DC78F1F4F6E21F2D8F81F7AE821A0A29318C45B7A6128046B8C04C42009495D9C91796464F280FE983FDB47714BB21EB3532318200B0C20814A4C2772956A435F1381B612C070FB5AB468913F2932CEA24419A6A681EBC87ABFFDF65B5E914EB95A97AF5089EB83BEB002EBD6ED0C0EBB0DC838D19E9E9CCD05845C903F2E206162B6BA12F6C7949CC77AF5BEF6F3F15F70BB622140054758A8107F5C27CCEF183B83E6933494C2C251F42E2BA9A5A3A83627A225F6550971E6E6D880F3F01684CBAB56ADCA059A2023162969A9B0232E67CC98D1BC79739AF9B6CA0F3B6F058CCDB9D7E24EE52EF9B56FDF7EF3E7CFD72AD05CFB3DA9124260216CFC9CCA88249673E79D77EA4F8DA2B9829E124B6AE11A2475A297FA1A00D9930283B083BCF7DE7B2D5BB66446E247A8C080420E0436841908991A1E1D5149171AEB237E64A25F7F3265D5AA55FA7BE49A5AD3B14C69CEFD93FB8FFBDE20E743AE469B366DE25E94613F5C1648104005316CB091D5ECC7393F8081FCB1F44318A002337766B90AAF8D7A833318772C5CC0318C127FC1189063980C0A590B1FDFAEF4983A6910C80025F6233384E8754190AF183E209FB46EDD5A49061F6087ABAEBA8A1D94790938EDE5420EF2CB2FBFAC83996FABFCB07358C0A414028C2443A99A7EFD6EFAFDF7E96802A136875E146321682525B9559358B81EB00A426AD6AC592C8157B44179B35A7BC44256E4E596348866570D02B8FDF8E38FFBF7EF7FDE79E7656666CA8060C36C2B1627228104810608589B663C7217AA52A50AB7A08B2FBE18E5274C98B064C91232BFACADE4C944D219E5999D474E9B175E7821DD990577BCFFFEFB60ECBEFBEE234181104E46DC20C0099B3E3B3E4646F06D0EEBE86BE01433B801401EC81F9469844E04CE666533CB3FFAD8139BB76CDBBE7DA70E66C00616600A30CF681C0397AC14BDCE89D41D8A9E1311D6A781220922B62A56AC8823F134DB248E7FEBADB708051A38E721431C097AF5EAA5CDD2B7557ED8F92C6061865D905B2CC25557F59C33671E664707F2095A81071682560A266ABEFCF2CBEAD5ABE3476EE193274F4679BD65C9BCD5DA1120552624358827378EC614611982981AB698DF7EFB8DE4FCF8E38F73776FD5AA15F7FBBA75EB72A1C2B610C0E08AC8E5A77EFDFA679D7556DBB66DC92777DD75D7ABAFBE3A71E2C4993367AE5DBB96756176883125B02E66617CA78030434A0133AC941C45DAFFE1871F9E79E619E087FB4A962A2D30801CCC0B66907D83EBAD63599BBDC92220F7E40F4D920133A085717964EFE8D4B9EB9AB5EB4108FE427F5D6374D14736F62E08B20E326491729CA2D771841250F4E0758F9EE38857B457C0E1001EC78C19C3D900732BD5E00CB63A42D304853D0F2832280944E200C0D0D8B7557ED88124600CAECF1590BB74B9E0E79F7F25C3EB62C22A74B2D77254B36CD9327D56469E79EDB5D7000CF55A42601F4ABF26201A24245EE105AC21991118992908741E896F9510E98E5D9F4BD7ECD9B301D22F96A64E9DCAB1961A5E415C3C366CD840BAE07447176C4BC9804CA17B268F5A9726A25E3A532203D12E5DBA90C7B8CCB469D3A66FDFBE952B57C62F3C0215DD2914C058981ACE4A0E248E7915C57D7EC8391266507D06C0C43A9E55AC54E5F76933F09C181B1E39728C926C43C97A0272B6CE2DA96340D1BB38C288B2A64F49DA43F2815CCEE37FFEF31FF2BBF24C7A7AFA8811237024A702B5541B889A871F7ED87D62E69B3E3FECE3C467320CE985CB4CD3A6CD264CF872E74E4E89E63CACA487FEA8A4F0A286C0D5CF97003FD7184E9B5A206F556A09A990AC9D8468C3806E4C042A9985125B417A4529EB41D22120DAA3A4FA821064CCCE42D4851178A53C4F03AD1719425EB16245FBF6ED399BE10BCE633A10962953865D0FA87015879D85A9819DBF7CAF29ECF3456E1A9871854EE11519080D1B3E02E78110F6383602162E47FEF7BFFF3F16634C5870240389F4A8FAFC139EA0C46DF2D680010348EB60061F346BD66CCA94298A4BDAF8FE5BB870E1F9E79FCF4E869F68ECAC0FFB76CB2D075071AC9F7057AF5EF3EDB7C7D8AF2001E0FD6C526822DD501E423D62889D9BD30E7876A7326DDB6AACF65A8584BC918612A986019945394D9A1CB57FDC951AEA5D4B9A41C852891ABD82F4968EF4A2D45B8D86606BCC07B3BA36C38ABDF9F3179E775E6BFBA94171600297B2BFE6C88156EED085C2856E763E8AE23E3FE40F07423413251AF048AAE971F9956BD6ACB359C57CD19A52DF21B5BB46442C158A4C12336EFEC91F3C3F841BC818380F021B6CC97DFAF421C3000680D0BB77EF6DDBB6496D1A5012043A3970D3654BD3E7042707336969E943863CB47AF5DAC3878FA20B46B6D1139DEC21C516CBF9F4D34F399CA0DEA851A3366EDCA836BC72510819F3E5C380CE9B0CC2B0902A8975EC73ECD831D568528E70D453BA8E103224E59D32AA47A6DE1DFCE88BC050F6D17CCB416BD706CD1967C68C5975EBD6E7E00A48400EB62227831C600348E414520DB20E4A442F656079DA44719F1FD240B02676A7407748AB56BDE60F3F4C66D5EC0B2C03C0B01E56E53E0310B1EC1C29C796BEA193909A0514BD4B447802F7B8364B972EEDD4A9933EE4295BB62CB7589785A4A11A53D9AF5F3F35035D9CCDFC8CEFDC10EF989CD97EFB0690E07EED94AA41E8DCB9EB8A15ABB0AD2E8D478FFEADFB0C410986511241813572E4480E66175F7C31B71A14D65BE96F16792249B3C413BA41926966BC929582EE2ECF801C04F79655EA0B7500867823F6E08F3EFA2433B37CC9D89FF9C47AFA0926A67386956B1CAB120739E6318AFBFC9006D204040450D14C808754036C4AA7670C1F3E0217B20C6D007894831939C72E3C5F1EF24D7942C9CD42784D9B36AD79F3E6E419967FD659677155E5AD7C4638AA1902CDCE39E71CB20BCDB867839C8498C903E3755C2E7F2B02C8E770B56A353EFF7CC2D6ADDBD9563138CC168BB5518FF04225876D84A79E7AAA468D1AA3478F062D284F0D02C1C702B5841347F27B728A9A26259AB11629AC2E3C5A32A718D0428C69B3E6A473E79D770118B7C5C880E22CB63D6998110B339A4F090747525E7861B7B56BD76FDBB603FF09F4305BA05D785E28B24C8CA2DADC90F54B48D1BB3822A4708CB63422EFCB2FBFAC59B3A6B93B162972CD35D76CD9B2859386D04249D8A112879F679F7D96F4421B5AEA07700E30B0335A1E58681160E47E60939E9E71DF7D0FECDAB58740D1699E58C1CE082886E62C016020B010E0316EDCB8FBEEBB6FFDFAF5284F252524E4FF4308AD028A5EC402801A27A0B994E7918553C7EE2CCC6CDCB879CC98776BD7AE8BB9DC764329D3916D7CDB3A07F93E728081A3B8CF0FF9C3318DA04286518DA2A4468D5A1F7FFC29CE63013855476DFCAAF58BAC4D228AAA5220992C7A4899A269E2287A1D47BC229E747426F2C68E1DABBF7A0A24860F1FCE2B6251010766D478F9F2E53D7AF43038B15F228CAE3489FC91077607334A7D630DB94387F3E7CC994794ECB6BFA64BD0103A6C52163F06EA2C045B299320AC5BB74EDFF3A7038F08FA89E74920E3B3EC296A9402663078F422467A6577B9C3980261FDFA8D0F3DF470CD9AB5DD4D06C0E854E620149837DE47058C1937A2A6D1D94C50D11CBC22275E7555CFA54B97B31279548734BB3C435AB0D9282CA9329ED44C145565A524AF92907A41D1732222A4D48080FBF0C30F2B56AC0818B840B35BF34A3AD30059F8A1BE7AF5EA44376733651BF0231339967DF2C2F60A8BB3713CA14032E7EAFFF4D3CFE867C7D8968DC96E49E8656E3510989192D81C25953691B5176881608625085DFF0A72F183C08A2004885B001660D758B060D12DB70C2857AE021653565189DDE0E39589383B0745719F1F62688719A0C2A03E84548953D1BB7FFF5B7EFD75AA858AF940E3D8B1FF6A8510CBC65BC6B7F6F31319229E68134FD1BBAC6FA3AA6C4833E68A08297AE11542EAEBAFBFAE5DBB3679A675EBD6FA63DE441BF5B4210411B66EDD7AE79D77B283D106D8B0B3992493F57333D8F744AE98DD513FB8D44FFD316FA3464D162F5ECA9517DB8259591826A5235B1B9B5D19DD5882B30F32953C528FD9B5466AF4F61F4EA88DFE9251DB010622C6C0CC679F8DEFD6ED627613B20AE6022458CCE516A59A083C71164EC251DCE78780840309230A36CA368A0C6A38F9B32FA265D7AE17BEF3CE7BDC6D5895BE8B2E2FB24E59C18026AF79267A6129AACA86345DEAC48028E9549D3163C6B9E79E0B04060C18003CA8B77E32190681C653A64C69D9B2A56E323A98A994411CCB077960C6D3368961810D866DD2E4EC193366114258955D16A8905ED08B7BB0D5EEF87E4CA98F74598B3555F487448E1E3D8AC05AF27042331324A2E8F58921298FE0E6E211FD396A926F5F7AE995F3CE6B8D95B00FE682D959B098C38C038CB1649C85937014F7F921FFEAA22FFF130D4048958213804151A3DC196772157BF4D1C757AC58858370953666C5A2AC90877DCE99CC91AB2C10D280C206EAAD5CB9B26BD7AEC060D8B061BA55136D765AD30C79D4A8511919191CC6CC79CC7E5F9892F63E60C4B2526E194B72D6032AF81E8192D3EFC30F3FB279F3567D62C6519E52174804A56E8CEC7E88E18C83FD0512DE22508FA057A913BD1252F43A65CA6D2F850ACBD18A20CE641B376E1C3E7C44C3868DB59B60194CA42D5B80210831204643901C98D771420745719F1F525E7120F1D945066A0930D2353D3DE3F2CBAFFCF8E34F376CD8A4ED10E6B68A8F631BA4392A38EFDA6834244BC5136D28A346965C658190204D09425009C75C77DD75A0421FD43A87117F7871C3860DFA9B4CB847012DE769D7E0D1790E39F25C56BBE5C874A7A3ACAAD1888CCCCCF2C066D5AA352C1F3D511B65640A34474F008392687BECD831CC8B6017F72F20D4563C08CF566051FBF5FB8B7BB9B91D38B46BF71FBBF7EC9D367D669FEBFA964ECFD0779315F40A4E178D6259320F1CC57D7E280966E048451B2270A952A5018CD265AD5A751E7AE8E1A54B971F3DFAB77E580B6B5FC4D9C49FB670CE0C984C1BB92C981DD1C051545540A401D1019F416066E8D0A175EBD6FDE4934F8419887AD446983871224B032DEE132D31AB4E881938305A8E2CB4881987D110049B071FFCCFBA75EB9C11481D420BBAB97CA212E420FC2B08AB4A2012624B634187410BB0A13C70F0F09FFBF67FF4F1A71D3A762A9391C979C7DD0E9CD1A2508CB1AB77AC33910F30FFAD380AFA7C92FD3EA8B9D2249C03A69E5D96E44800C1C8949CE988A1F2E52B5E7D75AF71E33EDFBA753BAEC420EEFC0DE16C9083A5B0913C9D9C644D51545540A431157C3CA2CC8F3FFE3868D0A0A953A70A2D420E51B879F3E6071F7C90381666EC8F7048AFE6544D69E08133F28D197D68A6111C6C60E6AA5CB9EAC08103810DFAB8FB15477C2C899E3CEACB5D284CBD56F7CF2777B614B116EC4D44ECFBEB001966CF1F7F6EDABCF5D5D75E3FBB69B3B4D2650AC5FE30981FF7927D76C674EC634623F86FC551D0E793EC4E6AAE3409F510D302372B7490E569F64579BA5EBD061C2A162C58C4591C1666D814757E80CCB325593009D9D83E21A1A061E53CB638626EC68C19FA9A16357811221667CF9EDDB973671645F8BAB066ED2C9CCD42358E791407E6CA9185138DE0A0A819792C5FBEFCB5D75E3B6BD6AC9DF66FC46CDDBA15D3393D91D193475E51F3AF20CC6EC1127D7FD41ADBFC22D6B6ED3B49320B172DB973F0DD356BD52995964E10722A03365CB315904248BC1CCF0E30306DE23113457CFEC9A23A07CCC89D624207BF2AAA88249083BFD992BB75BBF8830F3E5CB76E83C9B996B4796329F64B64C5EB29214002A18001AE259C27FFA901027AA2E4FBEFBF5FB56A5516C8D25817020C6658AF6A02964D0273E5CC5E5F9F756B824A9428D1A54B97DF7EFB6DC78E1D688E6E58520B31E116FBC30652FE5F41020C44CEE46C4C68981F83FDF9D7AF537EEBD9EB9AF4326505064E65A0C5010656C6E0D1E1213BD608E2E095388AF8FC938F99EC26C39DCEC738152692C0093E6600C940A84E9D7A249C79F31660171BA5E67A4020CACDD82BB2DF49273451893E94441B5BB8308C6E0E429B366DBAE79E7B80082B52583BE40836B0B3831A44726ED98EE9272E8DA30D08CC301F74DE79E77186DCB66D1B3A0B36D259C2BF0833322F3AB30A254F36D65DBBF67C3B71121718FDDE0BB1C71D86580C7ECB12D90428F64901330E603CC6B78F223EFF54A80837FAE8E36626F3D575AC58216E60B0A1533E3500C6FDBB004400C8E18673E185DD3EFAE8A3C58B17632CAC03666438A253C2C9273FBC701E21A8AB02C107A1A41A2C5FBEBC5BB76EAC8DB5B03A568D50AD5A8D74FB4F872327C48C01585673E5C8F4623458E3A86470B3839D5E343333539F71972B57AE4E9D3A4F3EF9E4CA952B510F2531A6C0C32A7437FB57109A43981DB51158C2A2454BDE7BEF833A75EB83104210B414B3FF703981EE7EF8E138614CC6B3A237BB1886A388CF3F0933026576531231BE7779041EC8303E56A9A852DAE1443E60C0809F7EFA893D12076B2FD7C73EC9C9DAB6E0B74F9CA48D199F1176DAF354AFB40384D073E1C285CD9A352358592319864555A952AD6BD70B810D8F2C533B85168E20390F98A123BD600D6546B0336240362073382B5A343D3D1DF4162E5CB86CD9B283060DE27A234BA2B05B915DDCBF83509812CB63EAB973E7DE73CF7DE69C6271A20B0CAC83591643799C1D12027631ACECE47314F10540854E33AE4FEA78B936752622208E16FA7783B597536235BCAE9055253235BAD4CAA6122C7672068F9A41F452302524B5D17482AE929E4E0B54AA9C3D7B76CB962DCDCF2E6D3E21883B7438FFBEFB1EA85CD9DC705C88FB2CE4E848A05381CF81191DFB68D120CCC874C22464CE82254B96B2FF643CB041E8D1A3C7C71F7FCCE951DA623DD68B402941B2B60688D5C92610823382236AF24C0CE806F7C94DA4B7C8C239BA2180160EEDD3A64DBBFEFAEB750A7506C9D162F1ECBA38B3070DE2390AF802A0138019F7352D124EAF5EBDBEFAEA2B251C6EB4722AE60327109558169B5A3F9AB0869C5754C963125203E7A484C42BE675036A161E955E28A9044BDF7FFF7DEDDAB54DCCDACB067CCB2D03468C789A3C838383358A8DE3BD6374C081195D7D30080C66000C253224CCA4A5A581168EBC56A5339B366D3A6CD8309221CAA3361703D645B97DFB76D682FE5A1782ACA15553F2881158A3ACE113AFF43645B2F68B0C0E691647CC8E3199F4EFBFFF564BDA70E30736D4E3FDCF3EFBAC7DFBF6AC85C519D864B54F9E39A1B5038EA2BD60C86226982060DFBBA93046C1F1EC998087B266CD9A03070E9C3C79B2B61C4A277052C2FD08B801A33B43439245D65F89496F694F77D5C41353D04001A466CC8B0BA93F66FFE5021458BB76ED8811230850C2161810BE5CD5DE7CF3EDB7DF1E53A3462D1E93E4190786800333C2AA0F068135A330630162520D80E18456A64C195D6FF01535175F7CF1071F7CB061C306564438B216B61E8CC0164E5CB2166A8CF9BC8046A632B9195321E38918F1A829B0AA332CF554A203848C4A405AB393219F7EFAE9AA55ABB20AB6030E66E6F2968D955264367A71F2716C94172C9D00CC44BFA165FFAD7A8849F07DBB76ED38AA2D5AB48848C59AB23BC14AD452C3A3EC0E61651EE5FE24246788E4BFE8218EDC80949066E11135F4C766376EDCF8F0C30FEB1FD3B3B031FFB41847B269D3668C1BF73998E1E09410337012CC384E684F3AFA83C04A35420825FB0EA9262323A342850A40083CA11B95356AD4B8E79E7B66CE9C89F54418D037172B92C0C2457AB4AB8F4835F9216C28C04032291391E5E45F90AC7FF91924931BD9343333335917B06769D8933CA3FC6C0C128B7EDF4AA97342233B569817289D00CC302ADEC5CDCA33580A81477CCFB99C04BD75EB564C89B3B1B2364B0C0DF1880378C4A9C6D51E192F6525BF1E019F498E27EDC4929954C98D12E2F1C71F7FBCE1861BD8CED9DDF1A885BAF95E608B16E76ED8B069C2842FAB57AF898F59971FE53EFBB6723881FD339B31632C32A25E59477398C15C106A508210542A5DBA340187F59473A06AD5AAB56AD5EAB9E79E9B3EDDFC954D6274CB962D08AC941569A5B20FA4C77CE2241ACB921E31B8000359C8986FF728B120E05666E4DCF8C30F3F5C74D14528AF2DC0449CF9E7A6ED9FD8CD07669C911D070D1CDB282F588A6126C9ACBE6B53614C43FC31368E072AF81E594775042E3937DD741397070C6A8012FBB18373AAB64C2AAD830CA93EA0E85DCC8512B223E153E041607000437A1933664CF3E6CDD193D094CE5679F3BDE39E3D7B6FDBB6833CA3FB0C959441A08B037339CE0E334A59C1501ADC561A126C103060D9B265410BC881483BC8B22439FCC20B2FE4F8C8C152E6C274C6101E69F9AC5A0B4F486A932345AD9312C8C1C8D816CC70FA7DF7DD779B3469C28EC942580EA4EB99F276F2584FC2EA0807164EC818AAA0E90460067F6323FCAA6CE3DC8FB190D966D829EBD7AF7FEFBDF74E9B364D67243C8AD72981903B6620585F1B528D4F91973C8A5EC4118E544A114469C9916CCA942940B74A952AD80055D10D529E0130E83E74E8A36066ECD88FAA56ADEEA23C087471602EC7F265BC61194D036619C4C2D2CAC65098085B5122830DA1856C53AE5C394AFD29405ED1982DFC924B2E19356AD492254BB43AECE628329FA5C81C5929BBFA803402C498CED451558C4832BCC5DA1C22A64E9DCA798C63A42281B5801C4A74B66A9B1F600466C92D3BF32634B263857981116781138119CC246743CEF194A0054131A1306DD1A2C5D0A14371B63EFC21AC3137CEC0EEB8DF45B97C2F3FC96194F1A406F1445F306322C87EA999E99E7FFEF9366DDAE87A00AA41893C2ADD88DDB265CBBDF3CE7B3B76EC7AFFFDB155AA546351BC671D70D6955A4EED50E1BC0B20B3C38C9DE20CD4807CCCE884468611E9B301EDD9B441E07ADDAD5B37D6F5FBEFBFB307614688553BEB41B240403488CC1447CEA4EA6B5D117D6003B91A118F34A39EDBCBC89123DBB76FAFABACCC2B3D1158170296368B8DB38CABC91527EFAB502F00227C45BA72C4BB309EAD3BB3099A80192D5118F96D344E09F379415AC78E9D9E1EF9ECFC058B76ECDCBDF74F0C7F70DF5F07F6D8DF6913188C6FAD4B9049FD200ADFC843C87AA4019EA38190460D8246A0A43191C461EC934F3EB9F8E28BD9ADF11FA1C6F26BD7AEDDBD7BF7468D1AE1576D87C58A16AF55A3F62FBF4CF9F3CFBFC8336086CC8389DCE19B1227E954902260F2C34C0DCCF48B18705A5ABA854F59CA12254AE9A7C9401AAE58B172F3E62DD986264C98B061C306566DE3D97CC42213610A4A2C8619A9F1DF62284A643DD2861A64637AEFE33888578C4347C9BCE29124035AB86275E8D081C3A4C3BC49323148C0C1D212B21F27A970D0DDB1A68B223EFF1421E68461C657DDB16BE086223A71F999C54A94C9C86CDBAEC333CF3EBF64E9F23FF7ED17CB61F806AFE82AC2DE295741CEC1108F1CED20355364384FCBA3DF7EFB6DFFFEFD6BD6ACE9F66F766E121D579A952B57DE72CB2DA00807F3AAE8E96736ACDF68DAB419841379A672E5AA4A42A70A33329A0F1B18CCC0588F5766CFB65F65424FFB158DA21C7DFBF4E9F3CA2BAFFCF6DB6F1C443185CC8241206CA814A447C85A348B499169201BF288C0A36A78C4CE589B011967EBD6AD13274EFCCF7FFED3BA756B0E6318960043154889456811074B4BC85A6FEA1C7477ACE914F0054011624E1D66EC0744E627213C6261BAB0C25269E920E7C9114FCF9A3D9754833FE42D3918995DEDE8D1A3DADB20049C279CA8318EA73D0821ABD08093D8F2E5CBBFFFFE7BD052A95225FC475ED3E6A7AF72CD9A358B9674E13E50B972652CC35B146BD9F2BC850B1713306086FB4CA4B0F5418019B7BA13C7988844A75B16B9857B0D0C602A55AA027874D2A3A419982964FE90B1F93C17E7B2CCEAD5AB73667BE28927C68F1FCF62D7AF5F8F95DCFE221311FA90F0408DF00321CBFE162CE6AD93C9D88B162D9A346912235F70C105D5AA556303524431351BA1CE8D18DC64EFDC00065690A4CE4177C79A51015F00A4E541270233F17A8BB3B4B1430939FA3B0434482B5DA658710EEFA5DB7738FFB1C787E1E32D5BB6E039F000C991380C678316DC894C29E410043CE254042AC9486BD6AC79FFFDF76FBCF146E08117F11F8E249E08A31B6EB801206DDBB68D8EB404369CD90015D6B02734F3376057AD5A0306DF7BEF836AD56A2822FDB5E42A08F2CBE0D362061D4835A045B0C9CC2C8FCC9AD48052E06177877850E022039E8C8C8C4E9D3A5D77DD750F3DF4D08B2FBE386EDCB8D9B3676FDAB489B53B784008106604451244345BB56AD5AFBFFEFAF9E79F3FFDF4D3EC416DDBB6C592EC41CADB322F84A999944747E172726217242972D0DDF1BF12332EB082068E356061A2C15E81104E2B5404464E2F53963BC6830F3E3863C68C1D3B766823C4A9208428978053A9841070FC7FFFFB5F764D903077EEDC975E7AE9924B2E295FBE3C11C37AF12BBEE41270C515577CF1C5176C9374210EC84874A72FD150AB562DDAD012CC5C72C965EBD76F64C277DF7D9FB399548D74F656E7E413CB9EE5398C719F012A65CB967347352AD159B081095C22D502C754417651E6137F6A0868720287A8366DDAF4ECD9F3D65B6FBDFFFEFB870C19F2F0C30F93349E79E6194CC7A1EED5575F250F3FF6D863B8E0EEBBEFBEE9A69BC8570D1A34C0868C000829091ED9169958D25C4C814C29C0F0365C4E4E2C3BA7CE4177C7FF32CC082D621E830630338A91D546471DF20C80919C66FF416D8E4C3D7AF478FBEDB7172F5E0C7848386C7B44BC487B24282223812E2E2703060CC0B5C40DDDF1190B44E61A43C2D137DF68AC8FE918EAEFBFFF067B9CF839C2B56BD70ECB600D54BAFAEA5E1B37720DD8FFC1071F72042222DDC251F564732C814801128B3BA1811CF053D2FE21E3483DE32373F8841058BE90C310C292858FF9F49F57088A7E11B28E551002C60F9206E340345314A919E3406AE0F7D2C8A697BF9614580B499D83EE8E155752B5002842CC89C10CBA3AF6DBFBB3208B91399B29C90015047A29F3C8E2F26B850A155AB56A75D75D778D1D3B76C58A15204467060EE893274F7EEEB9E76EBBED361AE82BF476456617C479CD9B371F3468D084091338873898811312170279899445AA619CEEDDBB63190E6FA8D4B3676FFD559D4F3E19479E6148A7B9D8F7CD09E71866647F04520DE9458021DBF016543B60DBC036B945414C6423600D4145F6A45EB6554BD785062264AC81A05722BA58A718F7015D34615498795DA28BEC13733D2DC3E5E4C41A21750EBA3B36E1F76FC78C764A378826452E54F8741002B34295743482FDC9837339DA2257A952E5C20B2FBCF6DA6B0149BF7EFDB880D6AF5F9FC3068BC2C19434A623D9090C70D8983E7D3A68E192035AC006B9853CA33B8F6A8ED83F0B46E60190DA1A09822BAFBC7ACD9A75DC673EFB6CBC3E370B4CE4543D196C31030B189891C40254946760D20EFBBB0C6B5B625E4312040064CC22D25B887A48356AEC6A78C41A411BC80AC5844FD802D3B812C038FFAA068E1E7369287AE58A83EE8E4DF815206608414C29CCB06896A7A5C26EB5461B6B14F74A35FE639ED95F5B766CBC811F4A94C06764FCB32C010F9B0A8CF37406D08A10D87B398371D3BDE79E7B3EFBECB3952B57020FF209F71604D0824C6A125A2009BA1741DC6E19D96CC06716BFA8DBC58B162F3DF6F7FF27CC10A3DA4D13AE3D503B47962FC5CC95634839EF48106CC830706666799043DAD1F18CB7CE7701079AF3E898701733B20383DF38E01C1B041C2C2760594046D03E1B74CF8E5969C46035AB0DDD80B0C2A30008A8401202CCF84CE5A9C50C04B08177A54A95860E1DFADD77DFBDFBEEBB37DF7C33A94657764055AD5AB5CE9D3B7349E5F2FACD37DFAC5EBD1A6008090864127386F3A0E248D906D2674473E6CC016FE0F3B442455A9EDB6AF192653B77EDF9F6DBEFEAD6AD8FC2984A6B8FB740A0768EEC3BD8C74F76ECBC23018F20905B389E0933C8A41D80C45BB511FB4A06ECDAC0824A2A6811A7D8CC71B09C1C39E89E337BF68C46381198518691601371B698090C143CE681DDC27264C21754E854402C3CFCF0C35C3F76EEDCC9DD63C182053FFCF003C964DCB87193264D9A3F7F3E95BC0521608052823E2188278B14F39666A00B442133F2D34F3F5DB66C59EE0E75EAD5FD61F28FDB77EEF866E2B7D56BD600B4E43734494C719A2767B72F6A5B156CE21DEFD818CDDA1C375112DC942416A0A2B319E0D1DF02D72BF9C877131DD5D7B16B63383651AA9C75F01C39EC9E95032318E364ED9E1DFBFABB41348E8692A0802F00022A1002C8314ECFAA8DE378EB3845FDCA5CB156920AA31B50E16CA6EF9077EDDA75DEBC79C4B78E587EF4F348F42BF4C10025441A8178A4811A43D44792CD4294478F1EA5A43BE5ECD9B3AFB9E61A3053A254C9C79E787CE7EE5D1F7FFA49DDFAF5F4099E009280E2344FCECE9D819BB36363B4AC98E11184B82B0D8734F789B31AA7E2A3E3CDECAEECB4CA995318DCE7B07BF61C6992B57B3C3BCDC5CE8C098D69E3BD204898819263C66739CC29EABF4A9183C5E4C890D5CD48ECF4B56BD7FEEAABAF0400421FC16493D817400C746CEA50DE00577A056CD440AF7CA2929206B4D7CD8747B256AB36ADD3D24BDF7ADB804D5B363FF3DCB3152B572A54A4B0F9326B36949DB7B2E3DCB637A6F36CEE64520D6801332007CCE8879BAE592E3875B48873394BD83D2B4738F1F691A07B3C4B01C7CE9E6237B2388AF8FC93D0A24F54F07A429D82CA538219885483B62087D3D1EBAFBFCE855E181081040881B887C009A10F780E1F3E7C24EBBF61A496901E453CD2188192A31D5DB66DDB36E987EF5F1DF5DAD4DF7F832FBEF49262258A93798A9734FFA466424AE2B0845C24F65B1F7ACC31648DE9B2DA5C8F80C46106210966B2AB1707D3E5CC49478BE7B07B56F631834DCCCF1BB276CF8EA5061C183F788C223EFF24CC001814B4944015BF120E3013DFC0F19967180E2A61AD2175464334D3A10801F070DFF823F6253448414F29B428692881A8016F010FED212A21C9223DD2862E10A946F4E75FFB76FFB167D69CD9BDAFBD86F4725AE1421CD510ACA122125A087CC839C9F92939FBED5D9724C831A68BD91C2F38470012D20B80F131E3AC9D3A07D3E5CC49BD1FCF61F79C38E89E2307DD61AC0AF62447119F7F02332419E3F5883C0D62EE613E1EE521DF558ED53E9E0B0A3304084A1AE5ECD90C6D1F7BEC31F20CC020D60189225E601054206A44C8061931B444B51E691C95220043CB3D7BFF98FCF34F975C762997859269A55084B319A94696CA421633982200402A2CBFBA84931C33C67AD6E678819B0C253217988498514BC962E7BE849C652E9AC5D8AFCFC25907CF91C3EE59D9371D93A6FE198016654CC163569D655BC951C4E793000CA5A2D0FE4B5B45DC346E01C8858BE6E0CBEC38585BCE9C75B5B0640501FA71702723B2E18F18F1F4AE5DE6AFAB408A721F0F92E3498D11C01508016C242B1E4941C83B77EEB4ADCCC70034E084F6FDF73F76EB763133A200F76CFDEC22D4391FACD5256719448E08BB6322FBD130E1E23E3A033658296AE31953822FFBE3441C6B9323479E8A757443C1493099E415ECC611004C4D2E59DDE3595652CCE7971C66389BF998F119C01439B3187C7AB1138E19CD180C02930B798B4D593925067DF1C597B76EDD2EB48814EEC9099C8028EE394005418FC063C78E1D821FE905E420AC5FBFFEA38F3E6AD5AA0DFBB77E2023BBB3A327777CAE385866424E8E1929869C9646A289F20C98A1DE34C886233BC7A588A059CE9C0833796637CEBF1233F8496685851618C1D72F150E54CF9135633008CC2B8295A308E0C1B2152B56FEE493717BF71EFF82A6A3E4F82181082AE044249CD0854A0E7B1095AB56AD1A3E7C78BD7AF5148E2419FD94101D9005E002E16099093915CCC0A441D0129CCD121A13D639426DE05CC5A87C2496026E9C7C72DEF4F159DDE3594A2AE6F34B093163E6B69891654D7A295E825227B45C71A07A8E1C74774CC8722822325091906DDAB4D92FBF4C21F82328A44C3697446739DD82A8A424F340BCE271CE9C3977DE7967B56AD5B08940A2DC820EC26DA0737E38586642F631131F9D8A062C436E2125029878CC308206711CD5C738F51835F1601965A44FBC4A79663754816346AC98CF2FF998D127CED1DC31CC18BBD8474A193A571C289D1DCBF486631DDD5C4CCD5D9057CA309892F8B8FEFA1B56AE5CCDB5DF06BF218B889CC9FD337A2413128E08B4A8DCB265CBA79F7EDAAD5BB73265CA14B7DF02664669C8BCA085A9A9E114E434CF27BBF52661677C1F330A293382B55B8019DD6768A3EE620DA2313169B118FEDD986675B149B36346103BCCA86F762CF582CAECD8B544732D30983D4756F7EC58315F30E46346C6A5945D9C95615F4E9103A513B2CC2A963FA2BE162DC6B5F68BBA3222C8E19AFBEAABA34812648508311E660483E8218E0006A72FE513AE343AAA5189BC68D1A2071F7C90F422B46016E519E2CFE5191420B0A44981B033541276E11E60C6A961EC964D9E5177B1B32D562D59AA7429FB6D4E75D738A96006D6386275CC8E19D97150E3DAF8ECEADDEA82A9736475CF8E15ED05433E66F2A66B7ED8F7816A7CB420C01CC9D08A2CC8759C7BF9AFBF4E255524BCCF882224C5D1E1D8BFE1AA9B8C7ED6B976EDDA0F3EF8A04B972EE60B66F6CBD1679C710658C11AC209F3A2001EE511FB105BF241FED9192109A78219347498A104E406003193BA11608C59BC44A9D2E919E9F6F76DE8EE965380EB12A380E3EC6A7C76956E75B240EAACEED9B1A2BD60282166B439C9DC91429E5C802C5F8A99424E2DC1EE1EFB377B152BC42BDB27E7A23BEFBC6BCB966D60C6FE4826A2082BD9A3C511377E120B84B071E3C6CF3EFB4C7F5543DF33303F61B15F6CC31444104FE6B81AFB87771455025281B06F87EC5866C738D9610646498CA32F3853A22D3568EB4E0A322F02DB104906C094B1BF3840DFBC6126502021A32D63C24E6D04C7AE996357E9069705526775CF8EA370CF27719F012A22A28488F1E70814CA033B57B947BC581877DA4A3DBA06C8E0240DC7B305E24EFB0B9BBC35A9C61A11CECC2C3F7EFC17BAAE8319A50B48B0D1718B6482AC1B0B204146A0CDCE9D3BE9C8A1EEC081431B376EFEE49371DC8BF4AF9907AE3D6E81EC1D5C20AC85C733AB76C671CCA33471212546A61E9C8016F20C48500DAF4C17DA58D4490630A0454C7BF0EF5697B765D24BECD7483D04593560D73247963552E7A07BC051D0E79F808D08D8906D18DAAD2A50280F1C9F9AA87195511CD85F69C6973E9B3B8C75336D68AFAD1DED384E3CF4D0C3B367CFDDBA753BD16F328BF769183225B0411060C827BAB408363B76EC9A366D06D7A1BE7DFBD5ABD700B470D87380C9AD47F3CFCE0E01AB5EEC2C66EAAD7A0E30EE11FD319130E34E5C663959C7D196045A94679491F2B96A75F747404E8219D72C15F6F54F8583EE0147119F4F2A64B930C0B1E00133F10B0BD4CA153B7F07ECC2C277242CB450E9470FA530C3911D1F10136DDAB4BBFFFE215F7CF1D582050B385F010C61E650EC4F75E98795821397FE952B577EFFFDF7A3478FBEE5D6DB5AB769C774A715E23C6AD21AECE6722CDD8C7A278B65765627768F12D480C7F82E080428DB1D251986B31987345ADA438349D13220A5EC2CB44465EC1BD01AD9413175D6E081D190E57404ED7A8E83EE39B21B33450EBA071C057D3EE944630633497046E4B85588FB74EC60CD198CFBA8D9F3D23390F1AB00235BAB2F0268414DE200C0E83A8EB32B56AC7CC10517DC70C30DFFF9CF7F468E1C396AD4A88F3FFEF8EBAFBFFEF6DB6FC78D1BF7CE3BEF3CF7DC738F3CF2C89D77DE79D555579D7DF6D96CC28C86029A9D29841CA79BCF9ADAB78338DE3E05CB1A5FEC30E31E8366EED161C65D6660D32CE602D68B79B17346D972C20C424646A6FF31401EEE69B2926F313D3A21F063D03D4756C7D439E81E7014F4F92401465CA45061D6174C1330CB1607BA2667D7CB31577CA105E7C1EC7FA025E8E5B3DC494970F83FA8314BB0BF5ECAADBD6CD9B255AB56AD69A972E5CAE5CB974F4B232F99BF9902E9CEC62C0EB440C5DC948A95401F1E7DF55463DA9C600E42DF31AB73CCAA6104F736BE1708A101008069EC30A30BA1B627ED4D062A1636C20C30A3BDC089E08F990ACB4ACE5CC123828F1938E82EF69716B0EB982207DD035624E4978419D042797AE1222C4E7E0A2673CCFA1D07EA2664F7C117CED38E4ED40A2D3050D1E7633A8FD100A63DB2F67E31B236421403306418BCAB1218810A731B8B11C02862FFE84CF41CBBA7199015B73F1EB59B2ECC12E451651EB72E71343BC289CC2AACCB717673051E099A21AB3B321906B3D018C05083C0D2B09E00A3F3984B3546C8FA0B6AFE2C29B2AC74DC5C591F4363C675D7D292CCEB3AA6C841F78015F3F9A5138D19853E8D05060106E751BA8BBE1BCA0D2BCCA8AF1878A0153121466BC0833E40427880808A40420D1D483E36B5E8974FCD9F29E21531248430B85472277EA7867B3435317616486E9FDCB2C25DECE61207F5411BFA4A1364A514B1AB892AB35E1723A8B854C363ECAFA269CCDCB2B398D87799B3A131A36B9095B50438A877EC3AA6C841F780A3A0CF27F967B3138119D792D0C4796415DD61787429C8E5167581D5859AE3958C737A5170A2D0D1866A0F6986C0834B2682874FBCA2A49901969D94929195649CA0491DABC68F54969FA38FF3C99A2860F7CA69023B4D9059BADF80921AADD8BF31FAEC3003BB4F9C61CD950BF6BC06FB8F91012DBB4ABFAF5B02ECD7FBEC3AA6C841F780A3A0CF2769631629EC183AC91A121A02D6231D95101CCB0D3A4A718FD7818A4A3CCA547E1044EC8DE9B3A09580ED86EA0FE56B1BCFF19A27E7A07B8E1C748709A320B07C06CC5887048AFD8971042546EB081615FDB370D4C85F34A0C6245CFB07C5E9EBFEAC2E6D7854471A50F2A87FD129C31282642E7EE6F335E0920966324A972EADF60664895CEFBCA947DFC8C9EDC92BB929479BBB01038EDE5A1BCA8CC9670CBA072C1BE697841611CEC83366C43450E0CAAC323420C1C5C212F57E7CAB9938AAF146F3D99F370BA78C16B13FA6F3849C919083EE8E236DE3260DBAE7C8042B36070010518B0CB1C1989418FBF7C0B497952B57AE499326175E7861AF5EBD060F1EFC9FFFFCE7C1071FBCE79E7BAEBAEAAA3A75EAA82523D097A1800158821C4E7C02330E3C9434D68CCC12AC2B788CAF91178245393EEEA6ECDB88DDF80107CDC449460BBA071C057D3E29824BECEA8CD5183A6F983195DEC64F63071818994A9D19F4560DC47A8483317364D7D1713060C041F71C39E8EED8858E8B1EB16F1F381CCDC3A71A60796C8EF1F185225E7EA186686EDAB4E90D37DCF0D24B2F7DF5D55753A74E9D3B77EECA952B376CD8B0DD92FECAFBF2E5CB274C9850AF5E3DB94F50218D3860F844A5C87F45E352F69FDD0D30E3E480FD570997E9586F93B7113B03061C34CB9183EE01CBB605403E66D8AE183A49CC253181A98F61C68E84173C30D8B7B06CAD4AC5B7386A964B8E1F2139BBA342C0C1B08E83EE8EB50A7F2DE28483C3D168593143631D5B21E5134ACE4B6DDBB67DE8A1873EFDF4D3A54B976EDBB66DD7AE5DBBED9FCCDDBB77EF21FBD7A410400BA42F3D6CD9B265E0C0814A59443F9821759097C046040B4B3C32B8858CA977B041A00BDDFDB399BF4038709C6BE3AF2E21E7D840EC0F9B85B36E31390E1576CFCA51C4E79F1C66EC369303660215438ED95726561764975B34B29AB906AEDEBCCA25BB1152E41381197F21A98F1FBDB23F3E126CD8EFBB77EFFED65B6FCD9B370FA8ECB724C020E8BB3FE004F020E88B0E0006FC40DF7CF34DE5CA95190D100218614608113020646A824A115373A2A3AF4ED15AA0EF47B7463CE5874776ABCB2DBB0103D6DBC85629CC15740F58015F00E4928CC34C120E5474ACC5446D6C18C9CAD85798E11167C81F82906BE3B33F662A1C7487130EEB38E89E2307DD1DBB780AA6739851F7784F078FE46282953DBE79F3E66FBEF9E68A152BD6AF5F0F12DCDFCE0518FACD05E516C0834CC95B7D5D486967F5EAD5EDDBB7C789903B9B898084528A0003A9D2271A00337294FB9C86B5C4AF2E000C1C2C27CFEC8FE933AF34458A1305DD038E223EFF54209811476D3C5B636204B75DE9AD20E46A7C0E06CC9183EE397296BEB83FC67EBDCF4177C7C28C838DAB7749C68DE01E25F88832F39E710637F8C71E7B6CD1A245FAB304903B74E948062A90217D834E19069C50CF23256D76EEDCC9718E44812B412030003620C1C70CB2038CABD1A3ABD1AF12003A071E58507168D192C56E75F96467C080357EEA5304DD038E223EFF54B09831768C05D3F15EB14AC7EE95CFC60DB1A152E538E0F9DE8DE7DCFA38E8EED82DC4E81C8799A8AF85A29B91525908D6DB338B95E8D2A5CB071F7C20B4000330006010400BC0D06F3AF04ABFD700094E42118D25534FF9C5175F000063D962C5C0864B3580C1E1270966104C0ECA2C0FBBBF610B78408E3EC291554357E6D29ED9B13360C0B2673045921983EE0147115F20E4EE3396CC512A98CCB1534E2B7141102DCCB2DF3EBB0896C583C6B01B3F450EBAE7C841F71C39E8EE38B7FA639CE2F60B75853997DA6FEB80996EDD2F993A752A87315207A80006604000000F49C8C22722D5D07DEEDCB96DDAB461EFE3BC0748B8CF080CB9A4E8079DB0FB4BB60E3C6681312FC3C60259979967F66DE8B309AAB8C6092BC57E5F5F55C56114EEF927976762A9C6CCE1CFEDB3AF1FAA071CDF372160E0FF03984968A8A0BBCFA79D56B844C934C9E0A7EF0D37CE9C3587BB3E5985D057C650F43B246447162C114555FBF76FDCB8B17FFFFEA0451F03703971392437741C3362614625C7B652A54AEBCCA62874ABCB270766741C34CB91B3F48D05A4735314F1F9278719954C905DA0C3818A8EB3C34C761C60460E28401F14143B8503D64A1D1FAFCF86310E800136A0850C73E145DD67CD9EBBCFFE9EA93B5F2113FA3C0A03C929008CE4D75F7F9DF4C2F18C2B4D8912257412134588C8895C6EF1312346E62D82BE3A9D7CBDB96567C0805D8328C0BC9A849CA56F9C83A288CF3F0933900426701689E74045C70E3341FBECF8DF8E19B1FCE1AF22E8EEB850E1D3410B4732CEB11DCFEF3C65EAEF0066FB8E5D2419AE286046C733045D5472A40033108FD3A64DAB5FBF3E79866D8F1B8BEE30A20813399130E3D83DBA54C3218DEB8DD66E3C98759979661930017B77C228C662950939E81E38288AF80221D002496082143113AC040E1A276101C62DE6FF3C6670B3ACD4F49CE65F7F33F1AFFD07F7FEF917B051AC43A417F3D158EC4A2318A44E608F8E5BB66CB9F6DA6B4932FAE88C135A84184B424572F23183EC6346571A772A8B2C5040ACD11270FE3013B0A2BD804979C659249E7DFD8295C041E324EC879ACF6EF07F0807EAE5C84177C72499D30A15295FA1D25B6F8F01305BB7ED00337FEC35FFD6A78E64420B3280C9F1338078A20B7D41CECB2FBF6C3EC6B15FC3D1570112520491041401C6B1BBC628BD68B373B00996996776060CD835F0C32C0907DD7364BF6F10C90AD10818D91180D17DC61F34603741420E1A67C7D961D2689975C053CE81863972D0DD670E66B70EB87DFD864D7BFEF873FF8143000686800A44DC13F4870F1F0633E04748489D4CAAB21D7FFCF1C7F2E5CBDBCF72CEA858B1620484D8C7CA8EA2DA04741C2D1CC6DCA55F010460C47A4CBEDE5CB16F439F83663972D03D60A9ED943735712CE4B8C611361212A7320B985CFC7C8614E938AA4981B545F9ACFA6831DEF8FF04766A67C7E112B276F7B94DDBF613BFFB7EF79EBD6006B41C3878D8802716EE10C85186E16E6381908084AE802CE8CC8F771864E9D2A56DDBB625C9E0CA080531125AEC0F61804462728731DD5E5C7A897E4D24B6DFB1D268C905C41A2D9E13E6968495E2A0BBE328BAE2387E2861C6C8768DAC37420864AF30D0F1C718668A927AFDF9B2B03D977391655064FDF2969B2F21FBA04AB25A71385D8CFDD0F439E89E231FEF18F37A7623C3AE4DEA4C8F80315591334E2F5B2EF3B9179EDFB6633B57182E32BBF6EC3E74E4304214F50544406ED7AE5D0F3CF0000E2D59B2647A7ABA3E3A8BE1E1F8F7CD28FD4AB5311F1A701823BD64FD7B26FACDD67CB262D1E7A0418170E08E781654824AB146D03F1BE3FE9CBF51D5FF47388E23262B662C85238A3550AEB84030931D07DD73E4A897359CB35D12D8E49605127B78C982990EE7779C3E73C6FE830740CB81430741CB1F7F9A4F01A260CF372941916D389EBDF6DA6B043F2E4C4B4B7380817CCCA8DE6024967F10C05846D97260A664A9D2FE6FD116487C0B273E070D0A840377C47376808135823023E6D1A89ADD3F5C23CC28015B0A4714330400507A414EC5A0A704339AD4CD7B9C2D547CD63805051B01C6C70CCC63DF7E37ECDCBDEBE0E143942067DFFEBFF6ECFD8352119F7FD2470810F2CF3FFF7CD65967E1503063B0122380E100035163128B858D6430437A2951320DFFE229D20B9CA3CB5264C609386850201CB82357AC11728119A8F0F15F07488619A3998D45B7F2E4EBF76337794B38982E470EBAE7C8A60B3A78EC8F967F1642E231735DDFEB376DD90C4848327BF7FD0973482B40CCE8B3044A68EDDAB5975E7A299829CD15DE4345849518399CA80125EDE5D3780ECC98072EF0011372E08E241CEF7D8DE06326D23665CC888E8F28D66A2995615CC2D17C09F944604669010EBAC73333FA1C8C53F05CEC4C0715318061B3EEDCB5CBFC850BC83347FF3EC691ACC031A32423CCECD9B3E7DE7BEF2D66C941C291038C4A1F33E4A542854FD70F5E315DEA5E4B8565FFA0B2C0397447F69C3A6668162124A0B8B399E8F888622D9B52662D66FFAD8BE4B62810CC04CB8353C10CD3F98CCE7E5FD88D260BC6CF926B2E7666001B61A646AD9A5F7CF525A7327387397800E63E637FA459600466280FD81FEFBCF3CE3BD5AA5563132475985B4A221266800A844C59AA54B23FC39B4F2ED8D1B2E3D01D71EC9C8EAF6DB01F7FA51122B4D87F0933D2393966B2261947DEB8B15F1D538439D96F13B01F9DC95BC26EF10113EECA6C8E8306D9B1DF050EA683B590DC7230C871F600E364607366F162F70F7980E3993E03002DA41A04857BFE09A8E84A73E8D021F2CCAC59B3DAB56B8743F5FB67020904309C60D24DEC0F0370CF41B07FC7233208F104E7B058CFCE39B2EC1F54163807EA05AC5054346A8DFE5B8D903366808A131C66EC67CD3E79E3C6FE1D56C94C0F66FC06F1ECB484933B00768B0F58F75121C7074FD0CCB19FDCE0E3EDB306811E151F8E55999CDD0801F3C6314B77B0D1F16CF1D225BAD2ECD9FB47C19ECD808A7EF10661C78E1D5BB76EEDD9B367F1E2C5C18C6E350E2A4EB01FA1994F9C418EC38CB3C0F115255F6FCA9CDC5F05C5817A012B14158D2C8A95FA6F3582C38CF9E7CAB1865DBB30E2A8B0D842E6789E21AD63418309FB07B5401436A5758D1AB5060FBEFB85175EEAD3E7FA4A95AA302B10126C1881921E2EECA49C58BA3AA686664A53C8CC1CF5728BF78E73B9CD30F4F5DB3BA4C172BF149092080EF6AE46B25B887BA54A586DE2395E13589FDB56AD56E3934F3FD34F33F7019CC347F7DA7F0BC4FC3833F605339DAFF24040453FD3D49566F7EEDDCF3DF71CDE4455FD80B27CF98A60473FB2745F24D36F9849A0942B0906B75236476C65E3C2FCE5414A64049A516FEC105B20A53E64D36273CB74A7A4BB64FF51AC60FD875062CC1047C086A8A712F094B07F43A871E3C6A346BDB16CD98AFDFB0FAE59B3EEBEFB1E20F3CBBEF4C082B22FAC9F1FCBD67A2BA68118BBD39712A69E12F7D04551EE2C2556A5E3E06D420EBA38769AC0D2CD69288155B89AA08DCF7A1BCF811A723FCCDD9ABBDF03431E3238397088F2CF7DFB010FE15E2098D1080763FF8215E37CF2C927E5CA956339F8A264C934400272C0863DA9999FF4C3028FEA85191C81778C23627F588B12991A22848583161E61F991A59D56A80868296EFF513AB32BE1E5DCC3462009187F3959C1FA0FA10833328D8D0643420BC6E305251022CFBCF8E28B9B376FC6373B77EE3C7CF8F0CC99332FB8E0027DD446C958F4E224E0521382DE8A34AC880169C05B0089ACEEB471C1ED8C9590736C96B0018ED1EC6822951CF9F52803495B21446C20E1C9A9B0020BA60B16EED8B1D3C68D9BFFFAEBC0DEBDFBF6EC212D98EFC8140866C009A906CC70AB913C7BF6ECA64D9B12CD4A02A5EC9FC9CE2C57C1FD1D5AF727CF11F4A76841B59CC8F229F547CF30087E942B794B29DFC95FFA610EB66522C02323233B9BE7969DE302DF31DD3F87A22423CC584F1B22E8C92D980C6349BEF9E69B376EDC280FEDDAB54B7E7AEBADB71A356A84ED40142D113428F74E2C2E545029D2C8221E698F800368C9B11B70F2186FAC84ECCC9A4A6318478A599166D7D42616EC8E40C91A216435501BED23A983249E8519099C66274DFA61DF3E4CB73FF637300A0C33FA7E270284C0EED6A3470F9D97CCC2EDBFD55C963C134388C30C28D28FFFC18CD68E07E57A6DA5321A95152A54E8DAB5EBA5975E7ACE39E7709EE3AD091E52134735FBF129133188B24DDE9841748AD668AEDE86D53F85DCC10C5BF9916108A3900728D9B1BEFBEE3B6E99B8678FFDE374F6DFA6DCCB5DF395575E39F7DC7369C3102E69281019C1C65E026262DEE28C2E5DBADC7BEFBD575C7105C8A1D2D9488CE1C4BEF9FC7A9FF58A963EBB2E11DB3442897A684B5684745116216B156A997FCCC0841FB127E43CFEF830FD8E0C5C8098811804B4906A1844C879E8A187086560A338C644EEEF9D477FE33C061E6186C638C5ACD9BA4680C12FB20680193870E082050B366DDAF4CB2FBF8C1C39F2A28B2EAA52B53A4626C370363369AA50113881D9536694FCB76286B8E11DB68300C0A04183B66CD9427AD9B16307791FC231C00614513975EAD4FEFDFBD7AF5F5F299B2E0C6786B6A943C4E83E51C34675D75D7771C06384499326D5AB57CFD47B812E24889DED02CEAE4DE0B6E3CD3CC024FCC1050953495281921030798090CC4B79F9E557723C0336301710C57AFE3123C040CA368C03783EFEF8E34A95AB2A0F10853804B3E85F0A5086012A428BC30C8E83300E0E7280C195152B567CE49147E6CD9BC7D98FF1713DF1B06AD5AA975E7EB567AF6B2A57A926F3021BCDE51B3F577CDC53591D8A0EFF1C3A7E99C1B5DA0B6108DBB1D950D6AC59F3F3CF3FFFEB2FB647632F004394CB7608228E6DE3C68DBBE5965B1A3468A068A32F471D0397AC6403F18CF2E5CBDF7EFBEDEBD6ADC3CD9C224862D5AB5737011D673B579323BB2E4998A9518F500018C04338D187AD9221FDD442E1226BF89C104539328655CA6AD8B0F1E4C93F7330FBE30FEC69A0821921857E9E31A39B0C82B6330D3877EEDC96E7B602332C1CB42090739410D24A97F1138ECE6C84BB3C8EE37470C023EC83B56BD71E3E7CF8FAF5EB19934D13581E3D7A149983C61F7BF76DD8B879D2F73FDE73EFFD4DCE6ACAE0919DB3BA26470EF638B13F4E14ADFF0C4A8C19EC45D0F09A203BFFFCF3972F5FBE77EF9E7DFBCCA799EC31478E1C21D611700F8643C655F84CD1FFC0030F74E8D081C853774125A07EFDFAAD59B306B071D2C3FA2FBEF82295B8CA19CB991E6BC2F16E50BD5835B4515A0FD88D060BC99CC1040FB02112660424649447B6DB6D96D0176052C14CD08C0CA3645EAA54E9575F1DA5CB4C816346E3E011B963C3860D175F72193881492F180A6B1860D8BB8D3E1550C27198210EF01A0B47703BE633CF3C0354E46BA6A0C4F5208729FEDA7F70DF5F07FEDCB77FF3966DBFFC3AF5C9114F77EADC15403A37A5C872220E92EC3F8A4DA8FE63C81CCC0418799A12E410EB580D9361B83E7DFAE84FD0CB3D22EBE82C84DBA8C7A0349E3367CE0B2FBCD0BB77EF264D9AD4A8514388A454D267DFFAE69B89040D7B2DBC75EBF64B2FED51A2442973E8B71FF2C84CBEC9F07A3C000CC70885A5B35989FD23121032E45E41CA30028C0884D8DF01363FAF2813FBEB2A6264B46248D8ED26308F443F25E6A2DEBD32D68B292F46437436515B983B9EF924975E37DED87FFDFA8DF6605660DF037060932F100025BE1834687031FBCF6B52A21EB3936D5092848056254A72933309A75CF98A20C7FC0AC099E69F2AC05C1CC8D115DF0198D5AB57339A88897C6222FC4EFDEEDDBB29D9047FFBEDB7575F7DB553A74E1CE77004FB3141A6A387DD9BE59FE8877294781C950466391AF5C884B29EB3A482F51F428931035125CC3CFAE8A3DA6064239FE4218857EC6D08B4D486870501CFF6EDDB3FFCF0C3AE5DBBB2B53320F3510E1D3A149CB0D76270B6AAAFBFFEB676EDBACC8B3241CC393E0E92981D25331ACE30DAE3074B5CE2C91580811278E84ECF7204211E03CC90521C66C43E664A964C53A8518AED86626A5429BB89CD639CFE2869A06E7F3EA854D3BA75DB993367EFD943AE89CC588064BD11610647BCFDF6984A95AAA033E18A85C02DCAA0A46EEA6046E734F20C28325779FBE18DF20CA7E5B7DE7A8BF333A3311403421629C7C30077E377728EEA999A9AAD96468F1ECDA6D9B0614397B510301146A0C41A118CAD4375808C6C152B51C99951C1FA0F2103FEC0F776E334848789B0091326602C77624E48180BDBA90D1949C4DEA3ED67C18205F7DE7B2F1B0FDB3CC7B6EFBFFF7EF76EB2D6C16DDB761C3A74E4A1871E56689ACDDB1A0E76C6CA8EA36696F0076861700146872B08480839FA400C4210A21CD1CCB60F3123198861102104F5EC5426AB20889DD122CE0633F45522A50D981D3BF6232CA09FCF9C202282F105E06CDAB419D189A329619491560209F5A4176E35641BF3C1D769A7E94C5EA952A53163C66CDBB60D9F6A1F84849968024B16A1C7D31A6D68401782811A6EB9F87AD0A0418D1B37C60B6430FDB414BB21600A0C42624119EC06A3005A51CA68BE196DACFE5388AB9E499101B33CA28318A95BB7EEA2458BB0856C941D61386CA466EC3A1086C37CD891B32FC859B972E5D34F3F3D78F060FB710276372713AE33D3A6CD68DEBCA5EC48389AF0B27B8C6FAF78A681CCCA0686926C8D781A3C40F80618000C4711382CF156354294C8C0CBC389CF6006ADA49E53D2598947B11ECDABEC3143BC3202C8C1E6F7DC731FFB853542C19002D7278C8C4738045E72C965E8C6A4C6BCB1EFF9A315AABA731AA5B9CC9CA154700647326E98443C83E053B63F0106B2BE3364C162884A0715EAD55ED754648871264F9EFCE4934F72DCE0F48BB9946FD10AE4302FB041259481A51E95B0647114ADFF0C8A8E98B0024231412C1288ACECFCF3CFDFB46993EC0512ACB91210AF643E089CC8CAD4633BDD47A9D78D1F01081D3E7C74C78E5D24731DB88DEDEC9907F3192424C50C6FA34034416C94C6D320C1C1C06220313908214B100933F1C81166840A4A99488FAEC63D1AD365831935C0D4AC149BB76FDF71F1E2A5F6E3E682218C1F4931126630F9BDF7DECFBC30EA51BAAB82D12A76B181A937CA9F7146BD7AF5468D1AC5B95A67047CE73C1B0F186A28410BA5EA91217A11124402A4368C367FFEFC37DE78AB67CFDE952B57C50ED8CD80E7F4A2243AE116C578744836FE8D99318AD67F02E970699C8D6631CC2070D401369CDBFAF6EDCBD99465CB7632593C091534C05280841A59997A8847B75771C3A10DA7F9A347FFFEE69B890D1B36C67C9CCD7027F3622641C2192B9ED58096A631DD8A1625C910F7EE48060909C9C96F1660461F0638CC4478B071AFD0778FE80C4B36A6CBAAAA186D65559DCD10089AAFBEFAA600F38C4F7801126608D7D1A3DFC1BC385A1A820DEC26A8A09B030C3260AE56AD1A1986AD0D7FE1474A05BD1DCA903F050235348368404B4A270848106D70BDEDFD17678E0D1B367DFBED7737DF7C6B8D1AB5D00784302F258C565CB11403E4196A9C0DA378FD27904CC94E2F5FB2067957875A4E32C3860D63CB91753084AC0059D31D270C440399061923D2061978D09D8EAE86FD064FD063D3A62D575C71954E2C646A34417636F239E1E61DB1C54C7C9E41731DC3FCC4E21A885403D927738DC98CFD33120E335C7F3088A28D526CE78CE4807D25515B9AA3A770C5322510C48F3DF6C489FB0C008AF9EBD0CF3FFF5AAF5E039DCD60D90DC58848DD1C94616850A56AF5975F7E79CB962DF485E4779D2078D4F801A9A508BFD39852EE2618000F25DDA944A03C72E41880220440CEA4493F3CF0C083AD5AB72D9B591E840839C04616A3C6591256B8FE23283BCC906778CB65E6830F3E70CBC62EC61B1E4596B39881FC1A35A0CBD1A347D51153B2811D397284431AFBCD238F3C56A54A35A6C3589CF26173C68D83878B3CF7E864188DF5398FC306943CE1042882EC538819C106CCC838328B2F24645F37A73911C0D258A0DA60735077D5553D376FDE1A192BDF6462D6863576962378C4E0187ED1A2259D3A75C1C8E47366E7DEAFACC276CEA18824837A3CD6A95BFFF9175ED2B73D18817D0D4F11FABA996447B48C244BCC4849A5045C8F006940DB988213FE4190836E1C3EA64D9FF9D2CBAF76E97A61F51AB54AA5A5A7952E83D1FC0C2356B8FE23485E4CC4450B152AD4BA75EBB973E7B25BE0034C801B2488E41E08213BE22DBD28698FEDA8C176B8E1D34F3F63F31344751D8C647BC8C68B621C8C11295D8D336254633F03285EBC38B77F1BFA86C04C2425A508311119C0881920DDFEC1550106AD508F281727010CECD40B39763CD3802CB96EDDFA3367CE663F92316564881A457F3CF13692B221071BD712CB73B4EEDFBFBF7EEAC2FE62EF08E637E1B86FDB7C637E4FAE7CC50AC3473CB973F72E85B8AF00B2FF984F42317088C098BADC1E3E7A64CFDE3F96AF5C31FA9D3137F6BF89BD8BEB2D2CF5D015156D16FA6710760C5CEE58671E2E33FA2E33EB64793A5F69C1811DAD9B1210BD701B7180403385C8E2C58B2FB9E43266D00F0DEC74D125952D1084184FDA8F1DD96FB05790A6E1E310B24428F8980101919413092E968EDF6760659852A54ACB1AC4BA3414A798677C8EDE5AE420B0F04A95AABCF79EF917CE6428ECE97696C0B6A910234492478CC3F8D0134F3CC1C121FA2CD4A285456063720C65956A5507DE3968D396CD60C6F835114523E69B184A9B02B144C906FAC79F7BC1CCC1C387366CDAB864D9D2AB7BF5443D500D6C4E2B64BEB34B24907FA2903DB58405B9E2CB97F10C66B80F3CFFFCF3EC7F2C15772238CC68F14E70723C11012E20D492EC6F5D684E629C167450213A61220918705A105A605D0781901F7FB000633C6F8950D04F662228A44C115ECC8F68A253192C017DF4D94E420ECCE538D0D3B1920C2B156610B8D20C1870BB7E1F09C23ECE443C26C44012A26FD04543E1358E589F7FFE79CD9A358B14E11C5E945854AAC1BAC8152B577AE0C1212B56ADD45FF6502F9FA2E10A88B4F9BA6191F5B74480EB814307172C5AD8E582AE858A1406C9B0F20CC1503A3D238ADA5348028C3562E87531AF6AD7AEFDFDF7DFB3112845B04EBCE2FB0641A4B70989F6B84DBD180A933166C3860D4D4A891D7B08268316A51A9B55CC85D57E27AA44C9347DBC13CF820D80F13F0688A0907BF231C34D8624A3EB477284C473A0A4638799E32DCF38B355AB368B162DC24A6CBDB2A4B618918C9C2239BFC8EC4E90F1A74D9BD6B265CBC8E3F66086F9D9C5B9B20DBEFBAE35EBD68296ED3B77B8BF4FA0BE22D51414110094A88A629011F69177CC1FAF5ABC74C96D77DC5EAA745AF192254035391055B563029B28704F218119CC67A3EDB8BFE548316DBA76EDBA6EDD3A029D45E24BB75AB3744BC88EA2AA38C2619C0D30FDEEDDBB890C92CC7DF7DDC7F503543039A946C124012E57BE62CB735B65942D87A538A429CFE89E6A10E24561C431CC70F6E07826D890378404E5109F541F4FEE480660D2EC3F4BE4A29C12CB483DD837573C87EAC5387A6B07D4FD8DB262C5CADF7DF71DC6D17105F2310345464C81D45883A80642C6F8082B56ACE8D1A30756222183168523A1D9EFA61B172E5EA43F84CB366FCAD8A4C15005452C9061890A4A30430950E1CD5BB73C317C588D5A35756804CFA8A73C2356DC9E4A02330A35F9D279D4312F860C19C222B505821C4A2DD8AC33E5333776A131A4243361C284C68D1B738EE264A2C3183E2440957388F95B07DC0E57A858198494AF50893C931033202AE2D85730CD677FA406FB154C1F1B828AA3A83601451946809135283192838D6F25F718B0D330647B9311609454B54D3CFBECB358465615296A2925A44EEA1E3DD84767F61D3B76B055611C4C842D4F2B5CA844A99237DCD86FF6DC39E0840CC37502E47046CAEDA479202989560A0CA6DEB16BE788A79FAA55A736A7321D1D61BB4D1DFF98340ADC5348E64B66D1EFAC7AFEF63043644F9C3891B5B12A1689E9018F5D72E41B91AB91104FEAC52094DBB66DBBF1C61B15DCCC9F9E9EE1A64623B869D366EFBD3FF6924B7B20B76879DEF32FBCD4A66D7B6E35DC0203CC38769831F0B7FBA80E698E2244C4C0133D2420F35999EE30F8CA29E6DBC47F740D020ED43BCEB1BF3E0154908543927DEFDEBD376DDA241339930A3010726EC97564408CAF3D8B24FFF6DB6F57A85081B9D9C2B9B25D7EE5159C85B87CEFFE638F320CB2F97B85A91D1FF24C8C79D8FE1281520DBA6DDCBCE9830FC7363EAB098A81194C0B0369F3010066FE4761C6B82E7BCCF4EAD56BEBD6ADD8DA9C3AEDC70094FA8955AE4CA94FE83921504E9F3EBD418306C434C7C20E1DCE7FF9E557478C78BA65CBF3480F3021D5A4C9D900868359A9B4F48183066FDABCB5FFCDB7EA78763CF8B2B25D82810D5B00C342FA0CCDFE4833FA992614E12219991FF9A3036BC714C0C6474EEA1CA8E7189030B800235852B271346BD66CF9F2E5440F616421634846CE959D45EA05210B306CE7181F61CA94294D9A3461B722C1B7EBD0FEB769BF831358E985D391FE58A13F0864474DB627E696D87C8F1D3B863E1A13E1C79F267738BF2356D7A9CC1CCC0A17926C3696D8C5350ADC534785CD274EF8F8CCE2042B9EC3D978916D8FB8C1BBB56AD519376E9CBED3BACBFE4A26CBC3822CD82E3C1744241C3A74E4C08143EC77FAFE32A14389BC63C7AE2D5BB6CD9A35A775EBB6CCCEBC288340F8A2CF8001B77FF5D5375DBA5C100B326335610390800DDCCF09131990508F4018F296ED0058423AA745A0B1649061FFF89D40C52399478FF4651C0609087D1C0B15C9D9812460C11E839F592CFA05215CC099B35CB9729F7DF6990288E0C6D4EC328A5748364C91E8C8198C7D0D9958C477EC53101E64EFFBFAEBAF6BD4A8C11AB9A6220B48BC555F83544B7A8CA748214B5155526228D6A2C871FB2C95870F1E39B89F5319031EE21C3A7BF6DC8B2EEA8EDFB9E5739A9065041259CCB102F7D491FD11A15491A76D1C5A979F7126B1F4F0C38FAC5FBF9EA5B266CCADF55352630D920BA2DF9123C770D09225CBCE3FBF331B2D880533D75E7BDD9A35EBF01AC8E9DBB71F11096275C3E12D6A6466966FD6AC05170CDAA3125A376DDAB479F3E6152B56440624F652647E834DB10E5A841C871F5D6FDC070310827F3C13601887960C022CE92B620451AE00033B1F07EC3023560DB041CF471F7D94B056F86267048526241BA642F20EB0416690FFFEF7BF3CEEDCB953381C3B762CA6639B68D3A6CD175F7C015AE450F5859045D1731C450AE5462514D0E74606B8F6E449B96BC7EE0346D3C3BB77FFB16EDD06C2407748B795C8322E3E25C336704F1DB94F6F51C5B819FDAC0013D36DDAB45BBC78A9FBDE04EB64EBB2AB36BE9439522750419EA1FCECB3F1E5CB576422B0C14444F28D37F69F34E987C9937F6ED1E25CEAC93FE413EA09501EEDF9D12440F04C973A75EAE0EC850B17BEF1C61B2D5AB420D4B416629D9C43945343D04B1600200470A59402093C40856CA3EF0A00183A0A1E740478C29EA3D4D1229661536185028BBCFAEAAB096ECCAB2D8968C6E0B90D508E0020018192E8E491311961F5EAD523478E5486A95DBBF6F8F1E3D532213C92CC68D5C9853E8A165624A85083C0BCDC8B492F3B77EEDEB66DC7A04183CB95AB80A371BDAC0127B41282DC7DCA88EDCD6D75842911C98E8CBF753623C9B00769C3639D200792C9B4F85C113D603695BBEEBA4707339DE3990EB94183460D1B3626CEC9073A9811A53C821334411696687FCF3DF7E8DC0F71B4B8FDF6DBFD3FD641DC13EB1CD5945B58A3221E2408363A8C811908CCB80CA3111C4E2C64A27C15A31015C9D9393B392B146030D3A143874D9B36B12E424A76CE0366E88E77C8573A3F6BB39B376F5EBF7EFDAA54A9824DAA56ADFAEAABAFAE59B346233BFFD25835C4B7405B50C4F810824646B6D763263DC011E385175E0230588C5DD26CE3A7E7F07B530ADD534668E63063206E2F12C42542A54A55BEFDF63BBB3043BAF4635FAD1CCB5A6BE482C8C28CB670E1E273CF6D253080192C057E2831168F843D023A50524F56E0152D7944A0BE7AF59A13274E24A40805C28253FBBA75EB3EF8E0834B2EB90424905B501DB410E08420257210FA6083B8116620200490009B8148D6C402457D22CA0A090B6338BB7A212189EF830628DCB061C3A953A76264420A8BB1435166676A1BDE095EE12CBB8B9BEFF2119D0C424EEED5AB17E994ADA442850A9C00B11BC707DD795CB6D18036AA0D45C3E59B9882C1D184315146EA41F64BEDE637AE6BD4A845ECF9BBA461CF6EB2928EB27014BBA78A504898319A59C0E075C52B2B993F7F21A18E7159B0ACC982B102651E6C0A66C85A63C77E54A54A35F218D36120C103418865BFA956AD46D9B2E550834A1379B1CF64956DAEBCF2EA152B56C8E8F231BA212F59B2E499679EE1520B24CCBA6CA2F07E5C6B3E7AA6142AC8452416D0A20B0CF534732D21DA4008E65467C95687A810BBFAE0953C2D9685030E5EA140B972E5C68C19C3726216335B326BD463405A3E143DC7882EA0459E827EFFFDF7BE7DFBA23D6661B143870EDDBC793371CC814D3BA089DCD8473BF1A3E59FDC981294D69001E9575F7DD3BC794BE14401205F1B8E33D43F05330E300868CC4E8FD2E4191650B76EFDE5CB5712E82C0FB352E24291E25586C80D1DDCB265DB1D770C02129A8B8928096C6CC436C325E7D55747BDF7DE07FABD005E714EE32D028F34CEC8C81C3DFA1DD20B63B113DBFC6E3EF0213EA82408E6CC99C391BD63C78EDC4F14EB40C8C70C0ED123F504902E30D438C0A899233B86AB09D1227680091AC8D362E7FE646CFF45F2575E79858827A693A045C45B4751558CA8C126786DCA9429D75D771D4B60B164D75B6FBDD51D6BF1E3D1A347998B20E651BDD45D0D24C753925709498084DCB0788D14F7D34FBF5C70C145CE5C6C9D0406A51E237B26E228764F1519A8588F9EA93FAA60FF923F02AA376E7CD6EAD56B8949D68C358F1D3BC6827124E9553532446EE8E0E2C54BDBB5EB407002009CE84CC3744C7AD145DD172D5AF2DD77DF8319DEDE79E75DD75CD307C0C8882876DE79AD67CD9AA36D1867A3038E4719D04290F1086DDFBE7DC68C19CF3FFF7CA74E9DC82402834B1A94820DE41E456AA0CA78B24D22EF06AC2588FDFAEC30133C3A6696CA952B936788274CCD0259262BB2A60B498B7514D55AD206C786327FFEFC1B6EB881DD0123608ADEBD7B7348A31E2762340CF5F7DF7FD3589B4ED43946C1983E99C0CF0D6C68AC43A6B65A3CC5D40B162CB8FCF22B712E8ED61E4D09FB0634F694656C7A71C68C62F754D17187A196FDC90C7A5312C44D9B365BBA74F98103E67B0D84A64EA5AC1C8147AC4029324E4B01428CF1C30F93C9158C0F6CC821949A11E6E8F5C413C3D9F2468E7C163B9273A64CF96DD8B027653ECE8A60E6861B6EDCB9D37CDE2D624C4D2D35348B889858B66C1937DDCB2EBBAC52A54AC43BB705F00054084D9DC72C0CA20FD6882A272BF918F4D84F9C255B8C25FEA0D9F918CE52EFB1BC2E568DBED3809D4B944C3BAD5011F62CE63AEFBCF366CF36BF48C3A288302D4A2B95E0E29B069C99852BBDA23125953C32C2DAB56B7BF6EC496E615894EFD6ADDBBC79F33895D186B7C2956E171AC1276353EB50DE3AD2AB2494B0992A89195445605EE4952B57F6EBD7AFB8FD27373085D9443CEBC9C8F12695DDE028764F15393D8C2F631F03A01F415CBF7EC379F31610EA2C125741D8518EC19D94B22C14992711452D2CEDD9B397A31723330BA860965AB5EA942953163C103A40E8DE7BEFFFFDF7E9975C72198FE41C6E53B7DC3200ADB41501B677DE79CF7D26E18F6F1063A14B3D7AA29E34C44FEBD6AD1B3F7EFCE0C183CF39E71C6E2FDC700000A860EDC286420A44513AFCF048BD3043493D823C27E424044FC0CEB6F12CC02060769363ED2F08910A468C18A1CFBBB4283F09F0A87DCA2D9312597B9964C0203CAC5AB58A23199B85F688F6EDDB7FF6D967DBB66DC32CEA4E334A865519106DA0E821654A381484AA4C8D20D8AC5FBF7EC89021F5EBD777802962BF3D24A339DB522356BDA989B142F79491D3C36106E5B03372850A95BEFEFA5B6C8BAB1485CE6108B84A1689A7EC6CB76DDB8EBE7DFB0933E0E4C61BFB7305E400066CA8244D57AF5EB36BD70B39D47287E9D2E5824F3FFDAC6DDBF668420A52DEE37EE57FC42DD7A28C0819F7A89E9840611E216268C3860D1CD8B82A90766AD4A80178CCC660FFED140859043C28D99B051E64C00384102CB422D7067E758F8E55EF6C1BCF58DBA4178B1622467FA0F5EAABAF2637EAE32CC28B15B10AAE1CD8D3915B35844C1B1648BD1E556ED9B205ECB1046D0D679F7DF63BEFBCA31FD1D0D8478BEB1810953E45B5792526A5C40B9480E7B9E79EAB5DBB3666D741CBFF58D9B7646443CB514D8C15BAA78C9C1E7811B5A4B18283C87EE491C776ECD825C3E11EC06362D01ED528657491354E625203DA93375AB76ECBC8C40AF0F8E69B890C4E6239FBEC73801098A11EB450A240A54A55B820461FD8DB2FCCF7E973FD962DEC94C741E31473249CA027C42BDA102244210E63FFE62D3E9B366DDA934F3E79F1C51757AB568DADDD60C54242371F4ADC8965908939224FF8E111DD6C36CA821CE7E3041C3B86055CB808C68D7ED4AD6C43DCD4ABDFF0ABAFBE9292A8AD0C03613AD6450D326B518DEC493D022D1178C54585665C155E7CF1C55AB56AB10AD4263A89512A05151A6BB3A78BECA3C103B2763D9EBDA1E8459E88A91947F3BEF7DE7B8D1A3562CFC2C2AC5AEC3013185080119BC718DBC83D75E4F4C08572BFF483898FCE9DBB2E5860FE082056939320591CD7228822DBC46CEDCB10B29A9155B8A5E84EDFBE7DC7EDDB77B2CD8D1DFB51C58A95050CF209F31294BA1AD28C30E591B724BDD75E7B9DCB0C194EE343D10431EF92FA90A94761820F22444428CF2B0516CEA386B73FFEF82399E7A69B6E6ADDBA35C7181DD5A092F6EFA3EAB4262029E7A0128AB195602874433174B6F7A02CDBE171C69E969D91C51CC3389B718741E011B97A8D5AEFBD3F565AA1210B41557406F92C4716D6327905518F4CBD59BC25AD9174FAD1471F356EDC580A6764640C1B364C7FCE8F556B289AA9A3B559B63F30700DECF02961C635637C911E09153227E5A44993DAB66D0B98C9E4585579462CCB4876069491DD26A5367014BBA78A9C1EB0B4A41478D095CDFEF5D7DFC41F6CD578112B60440479CEB78B4FAAC482CEE8AA6728C624F208BB73CE69FEFDF73FCE9C399B64A2A39AF66C02156EDCF82CFD95548107E4D0FEB7DFA69145B8B86A3491F1678C140D9A945704166A534F252535688EE768268125B0B4AD5BB72E5DBAF4CB2FBF7CF4D1477BF4E8D1B469D3F4F47470A02B0D6471A41FE01884382FA22D1AC27A748CE9C4BE6D7DE654064ED85F290911CA162DCFFBF997296403FDCC04DD285118CDD1D62ECEE8CF23F522EA21790198B1584E715F7FFD75972E5D003F01490ABDF5D65BB9D8600DDA332623C8321A81315D368E273B674451556A843E10BA491031D1D4A95331AFFBF485EC2D6B38C048C62CC70D6831A35DC9B76714BBA78A9C1E4675CB8A5D698970E185DDEC9F54365EC110989EBD102B0446892767415ACA670307DE492601003042A3464D5AB43897D3974CA32319339252860F1F01F38A88E42D56BBEEBABE2B56ACDAB3672FEC8F2F926BF5AD444D07A919F3F24AB1C2A35AAA8B96A385B00D039E75EBD671A3E0BACC7966C08001DDBA75E33250B97265DD7F84E77846ED003662FFECE14786BE17CBA94C250BCF2C57A14BD70BEFBAEB2EE61D33660C87B479F3E66DDAB40908A11B6B4161E0C1168017CC9610FBCA23846B68C62A66CE9C79C30D371094809B92DBD1F4E9D3B53435465629FB206B28334AC111E3A38C231ED170E1C285E8467A01CF44181A8299F80C0C2B0E157B081166EC1F2F706DA2D83D8524D59DAE0A534201197579BCE28A2B7EFEF967ACCCAE0C619763C78EF18839028AEC148313024189CF8019D919F891340811FF53664A64045E21F0B656AD3AE3C77F3168D060920C3A5009C05E7AE995DDF64FA1733CD1E0909CE4881AA6435088303BC040564BAB97395E52490DF5028F0D1B13373C428CC0236E46612E3F4B962CF9E69B6FB821DC77DF7DFDFBDF72FDF5375C79E5D51C599B356B819E9999E5D10D738951D567EE2DE278E4709F61A5B23C02998766808FA8E2E8C241B155AB56D75C73CDFDF7DFFFECB3CF7283FFE28B2F800490C692589E85B0044AB48590D7AC59F3C0030FB8CF36BA76EDCAB58D55C85F5A94D6EB560AB94709F1C4C88EA2AAA44433B43288B4642CBE6F1FBA0D1C3850D91BC090C055069839FEE861860884312635AE6514B8A790D0468C9646B398EFA53A8C27BA74E93261C284CD9B37EB531DF90073C89A902F4334C013F80C3B2210A0BFFFFE3B272ED62F9030AC4E352674EC57CE980EE45056AD5A7DC89087CE3EFB1C364B1D90EAD5ABF7CB2FBF30081123DF1887C73CCD741252217514B98EC8943CB28AC8DB317F8B542320AD5FBF7EF1E2C553A64C218EDF7DF7DD51A3468D1831E289279E186AE9E1871F065D1C8AFAF4E9D3A953274E7A55AA542963FFA5346DB1108B87585740F6F877FC27B08EB07FD5AA55B974F5EEDD9BE0E30C397AF46892FFF2E5CBD10754901B9F7EFAE972E5CA310BE39F7BEEB9642A920FBB957C41A925435A29A485AB2639B9F6C989A15086C060468C86CCB4DBB6ED78FC89E1B56AD7751B07B7389CAE0F9A7364DA2748D4A79C048C78267C63F831DF7A3CEBACB36EBFFDF61F7EF8013FE9182D9760234A051902A59C841169A0384318376E5CF5EA3595BE34B2C003729A376F3978F0DDE79DD75A6F333232F5731B42C7C6D899EC9A2B56ACD09822DFD97E7D2AA4BE90EB884C29E59390DABBBE2C590B5416850853C95CBBD95C81163B0569EAC30F3F045A4F3DF514A07AE8A187EEBEFBEE9B6FBE99C33DC9A46EDDBA152A54D05745298107D062E16C16241CC8ECC7F6DB3D90D96648C7A54AD1A576EDDA175E7861AF5EBD860C19A21FC5D0175B7192642EFDDB7DDAB97CCD29211E5503B9CAFC1343B1AF31E9DF7FFF8D5998823C3766CCBB0D1B3521E24923E08474AA8FD7F5F9478EFC4FC70C214A49288B051832039EC3553812AFB0E55F79E595B89F50202CF463327614BBA998CDCC5ACAA4176A78A523F8962D5BD880890AA10266584AC6E778336AD41BEBD76F7CF8E147400B571D4E6EEC438407E1427C1028F465286294A1E46C2682ACA7728D1948DDE33B52A308A334992546AAF4651A6B10E55B5729D208087AA51A0C02C65808F681801667ADD9B36773717FFBEDB7B9C980280070C71D775C7BEDB55DBA74E12A457AC9C8C8D0DE0196300532B98812D9FACEFC89D392F61F09A601A98684C34588C333F3320BA5730D64B533CA40925D65FE49A6C044DC0C1996793FF9641C5756C2BD90FD192E980100808712F0380C2461A1C5070C6CC3F6949282180E30A398B6C16D0E12B4A484786447E4C8C119A07BF7EEB7DD761B7EFAE4934F384083A2EDDBB70324BC4589CC8E4B6AE238C1FEC7F862F0E03053B162E5B1633FDABE7D27E731400566D849A58F7656E6727FC18352CEB6019077CC88E23B9A50F2B28D0389C84DAA66907A5149B8407A2B8A97351482F08FCC08EACB5E40EA8610A8C76EE455E5A84F3FFDF4ADB7DE7AE69967C01289A561C386241940822328F1057062730130608924B674E952A98A0B885A264260A2403D47092B9310ED5D176B03437A644700AB94CCC5D4BFFEFA6BFBF61DD90115FAC00601E48019B1C34012FE176046B00918D20941EEA10B0ED3C99B924AF6C29A356BB668D102A7F6ECD9B37FFFFE9C16387C7372B8E28A2BD82FD9FF702A08D10F6700243223839C72E52ABCF3CE7B1B366CE26ECDA32E36BC85496ECCC5958000220E5C9CE19EC0731212926B164FD9754C584F250A88023590A9719522C9948E5C0395EAAB47C60448C2921BDF0E69887AE29ECB241798E9D3A77FFCF1C760E3EAABAFE6388723B0A67562D1F3CF3F1F98813A37887082E0E6CA27C58F839E01A12AF50B162C2000B4099E66FF803089853C633E272C54444926211E024ED8C044EDA9251F1EB08F9C58CE3150D1FD524E82000CB24A1C0609422A3930A825C739778A6040728806571E03246969E9C3863DF9E5975F376E7C966B00602885995B6EB98570C1F16C60CE61BEF3F0938478F29BC5937C1C3DC4485D883688F88324BB4A919AB92E4E706F5D3D25E42A21F2098F08CCCEBA1078D444B4512584A08EB44760E7261C0103F55C9C38D7DD7BEFBDDACECA962DDBBA756BCE78DCA668A34134A6468034517E88A144D1738C984BC42B1D3E172D5AC4A6C94984A338C76C320CB7171DC9000025AC0FDC1D07A870ECDEFA79C986ED292522353943C08090C73D1002BD6AD5AAC5B19BBB4DFBF6ED91F5D11044A09352282160434B4A649B918A732A132448384A3554D6AC595BBF78A4577646F3CD709E4950A3478FD6CF1F7046E4A598FF24E3AD4010A90D143D6725EBE588A22A2FBE1352D4C8925A42BE2CA246C36AB3B7CDB3281C4F7E7B488F901EB57029A01A88CAF7DF7F9F132F9B548D1A353EFBEC332A4197C38C4A2AEDCC26DBD8A9F24E1A076258BF06C128640F02CC0E712B231E70BD3EB350D0530A27A5D2D24BDA7F6C1D773B76C116B07B4B9CFC733163138B490262348608644A1DA321FCC446B278F1E2D5AB577380E6E4CA26C7E1FBCB2FBFE4E4F0F9E79F538E193366F8F0E1EC7F74147E341A0C3CC00C253615489470842564984A743BE79C737EFAE927FCC12E4BD06897F5BD053917223819521B287AF6C8B5748228EAE08DECDEBA4A48F53E51A906C123256A5306F54948CD443486DC082C1FA8600DB5993D7B76B76EDDEAD7AFFFE69B6FB2C12BC9506F668AFD008AC6AA31C3E58FAC2E46198DAF478857020C250A8C1A35AA5EBD7A2668CC61C4FEC4C26618528D3E030036641E04058358C116CFEED53F1433015A1C13EE0E2D10B6A01C39722406522E962F2540545262C18D1B37BEF2CA2BDC59D5C51FD3CD259C30AAEC2BA6DE66A4335AB66C396DDA343C4404303EFB28B2F003297AE436473CF28AD23836EEEDBF9114F75A3202B6C51418013B7381993C79F2860D1BB00CF53E664CCF1861842476886F1F4F1A4144634A66471FB900C24180F6DD77DFE55A8BF3D8557583C59544393851B6013F3A65F1A848489D0518380ADC5348816689D884305640208E118010D6C16DC20626A394807DE55A1977E2C48975EAD4E17AC3081ACD01C3B13BB051AA012588A257EDDAB53FFAE8A36DDBB631F8F6EDDB29999191F11053F0687C6827D2BC226A2450497BCA7F35B110D60B21B0520043BC020F64D99F36B200254EB19D0A9E646A087C32A9FE042602240C4F9A34A973E7CE3A9250E23E6D880E240E367A543CA4CE020C1C05EE29A44033B1A2596C936C74D7A7A44BC58A15756492AB7CC2A678170BF20A992CD1B66D5B750C8685A951C2718F6E765B1A6ADCB8F1EDB7DFFEF3CF3FEFB0BFF10B112EC48A88474A7CC6D47A940B91999D20A39462FF6A621522641BA5863032A5C3126F11A8514B91BAA74E51374B519547AA07B176FEE8574278043FF3E7CFE7720B4E6C44457B6B749AF03023D8889DBB5364D711B6917BEA28D4CC8B6931A4CF0014C4D8A5499326FA398009E138D8604A4ABD5DB76EDDA04183B8CFD8EE6634A63076B413519264DCBC1224C3903E75484B4BE3D4DEB76FDF71E3C6AD58B1425B298323B8ADCECE1C6DC98A215526F4FDBF8BC03F6B919D15B52C103A7AF4A8F60B3DAA31A4368EA2DA9C286A1D237FC080989454C3498C72E7CE9D28B068D1A2DB6EBB4D3F232A65BF320760EC25D67A3C1166A874EE4E91D5517DA3D83D55146A66D79995B567986C23EADAB52B6768BCE82832A7251C8C3515CDEC4013264CA852A58A3235977BCA68FBB1D339CCF8CCA43443B7D2A54BD3519E605EF2DB25975CF2DA6BAF9176B6D87F5258D329C35082224AFC8D02BC0A14FBBF415150DBB06683D04AB1362572F42E46B6474A14758801128A5EC4116D349D10BB7EFDFAC18307735CD7EE466983CA9CD0F47D0E6106F661931FCCA8BB0DDE53448166621F3304AB4C0078B008E5F5D75F4FC8623B0C6710E36D81AA713625A069A954C350850B9FAECFC4C08C1D9981CD747EE6916CA165A60633340236A82A99FA0E1D3A3CF1C4131CA0D7AE5DCB2C9A948841E6E4C6EC6882D79D4AFF6AF297E0AF4867241E6570042C205FE48DECD886926386B9482F084CC726F5CC33CF54AF5E1DD7E017BC839B483804092EC3D7E6B21A0BF402C40C6C83F71451A0593CB3746C8115308A76FDBBEEBA8B7BB9CC8A93E4276C6D2CBA7FFF912347302B25F55BB76EC5B2D3A74FE776A89F5762473B5262CCE815B2F20CD627132198CFF94B9532AD8B99EF59330470AA59B3E6B5D75EFBC61B6FCC9C39136402187460EB45078249CA38E1DF4BB23084AC8096A9DD9F0AC0C2F2058BC5F2AA844CE75C12236B0A0D184F1A9936A0059BBFF7DE7B75EAD46127D5C14CC8C159DA67E5530712CA82C28CC6B1F17B2AC8E944B02A5E0336DB85DD36B00B46A1CB430F3DB47DFB760C8711F113E43CE46C8AF320042CBB6CD9B2A14387962953D6FD28534732871087131F33989EB9682A90E106043AFB790FCACCCC6CDFBEFDEDB7DFFED5575F71B0D6EECBD42883E39D62FF5E929DB510643DB24657522317E895718047D42427BF991DDE5042CCA8A5CCBB63C78E2FBEF8A279F3E60406073302034F011E794DC86183C59BC74112C026972CB4883588F93EC12921A747A0A26362D4918CF2E4934F62326C27570584B9B5E5F3F6A79F7E1A3870E065975D76EEB9E7666696077DB0F9FCD1E224CA3CF65BAE98E04C7BF6D58FBD909D62014B2BD3D18E66116D0E75D5AA55EBD6ADDB534F3DF5CB2FBF70DDD24705288383D10A65D00A81125C51490305870D92E8E739A429643A52EA95D6983086FE2D64966717952B62D5F462E1988B924719908319298E83315B15A667FF023094782121CB5FA9B3B6CEF88E429ABEB4469C28484A9A6FC19F740A6231111B7298615F1F356A14D7060798C8C631C2D0CA309CDF38383569D2846315C6C516B07EC98C9C0360904DA5FD3D240C0172000C326C7E4E1C532C6069854DE90B6064626A203464AE468D1A5D73CD35CF3FFFFC942953366DDA244F8B500FDDA49EE0C15B7D7200F1F6D8B1639C2A5D33D62852DF7F29B14C287A489974CAC52C7FFFFDF72EFB0749400E25C4611B0BCBAD10A9C65E74B340C5B1FC953ACBA1093A66CD54B0765B2AA3503E6914C4623C433AAD821C7694DAB56B939431A52249C124AF38A286C883962C59F2F4D34F5F7AE9A5152A54C016CA2D08A005A3A4D97F82AF90FD26052B67DBC0107A4C9267644D9995A11C66846D085559173A376DDAB467CF9E63C68C993D7B3620C7D9EC914A32D25F44701016FA088157E8AF45512308B99A7F2FC929B922166EDD6BEE4B948C80E930D19A356B3809A7A7A78313191C5353CA23F1EC022945CEB6A3050CB1A1F020C3B0CF122DAA57309F2472B118AA18639D4D31100298E194C59D1B23126DD6A421661488D897F31B262658D7AD5B3771E2C4279E18DEBE7D47DD6ACC57C42D6C189FAC826C1E8B1693218C32D61089D9B3A6B3AF65F3F356480A536AFF233192EBAEBBEEBAB7DF7E7BC18205DCC4008FB64C34477F544549081990F08A55F08A550845082688FECDA415E58A9C1DB000DB0AE6A25CB56AD5A38F3E5AB1624552BAE2812D5536CFEA8BE3EC9C952267D74BDE577A2166CA6464964A4BE7914A2024D79F248A02314E458FCD4622CC50726758BD7A35E165A191E0D082AD256065CCED90C346BF74E9F277DF7DFFC61BFBEBDFFA0339264B90CA8A9784B185928C04A758C8590D2A13C378113D393050222B3122E3D7B4D8BF9C51A74E9DDEBD7BBFF2CA2B5CB440323AB104870A4A540D5644DCB0221D54FE159407786447AC1A9B30A0FC48C2E1C40B60D89EB033C1839D49380836D51C774A7E58DE0C2A615CAFD307E1C196EAF2CC29389EB9580C5474AC1D85921024FE38C86EDDBA15830A30F198C1B2A085CD1BC2DC94B4B4403A4840129F9B376FFDF9E75F1F7DF4F176ED3A6464646AAB60D99800A32050962899E6140BD91A541FAFC1CEC43A4352A22A4E4510C8519B12D25B04DCDCB871634E8C4F3CF1C4E4C993010F0A6B216E73F59706905885E47F3E151466300516A094FB903FF9E49373CE39C7C50346C6A4108F1859EE38714C9C101B30826482417760E4289A4F0EB9580C54748C69AC45CCC70060A67FFFFEDC0A92388608E32D871C64CEC4162D26BF1F3C0896B8675361FEC13378C99265A49D8BBA5D5CAB765D360C8E67320A86809D62014B2B1F3312DC23CC5B4E80E6076AF6114197287DC8868CC0F98DCC53B972E5F6EDDBDF7BEFBD1F7FFCF1DCB973376DDA24FC486DED0B2C47419390CC9AFF4984B650F4900F6269E461520DEEC6A79CAEDBB46943186034C280C8C1C48484046A7C2F9C08D6DE7A3C0C6CA8C0926D2C9F2C3AAE44B66C487B36EDB9FFEDDAB58B18926F1C4596B671C623D9C6DF9B6D03936A808D904328721B8757AD5EFBC9A79FF5BBB17F9DBAE66FC5B36D907038AA3AC50246252021CC0812D2931A64A185529F0D80166481C7664AD345C8612DAC88239C36CE72E5CAB56AD5AA6FDFBE2FBFFCF2575F7DB57CF9729DDC081748F04848D10AFF3164BD51009831E78418710F3CFFFCF3B1926EB6D85138C18E25ED9F252081CB0B278E753073C8D119DEC483CD3C36964F164903337736AC8B81EED30877DF7D37C124C7388ACC9C0229CE148B241FE8AF03FBF7ECFD63F5DA35E3BF9870D3CDFDABD7AC010A4AA6994F9C6591D30A11D7E6A312094082884731090040B2533845169C1004274A0D5BBA74999A356B77E972C13DF7DC3776EC47B367937CB6806D692EFCB82C84400D16603FA6E4955B26A57616275392C4E88520A3E91532443D8F3EB966B9224D8AE00671E46A68237D34293225BED02B4A3BC2C15DBBF6B0DC79F316DC70C38D58B8B0FDBBA1B29833D7496317A801B3C3DACF904E22B9B903151DFB9821D0860C1982E31522224C9C2BB28E3384C3A03FFF8A78EFBE3FD76D58FFF984F17DAEBFAE42A58ACA392007A3B091E8F046FE51961013F7FAC1A839D7C5699E07D698B01EB96E356BD6A26FDF7E8F3CF2D8F8F1E3D96EB76DDBC66D98AD170B40C41998C1200A38ACA128E495D6A84A11B9F7EFBFFF7616D02B4A6384AC9F3DB8067920825EC36637086F0D622C366880AA28807CF4E8516496C65A90F9FFEEDD7FAC59B3EEEEBBEFC5C85883DD442672CC23FB8EB69E13CD2E500356B689A2F9E4909B3B50D1314717304309664A952AC5BD1907635C1305B9074C3C01957DFBFFFAE3CFBD3B77EF127896AF5CF1DDF793FA5CD7B752E5AAFA008D12F0E8536936BC52A54A13D68047C7ADE8F4E5D93115566E515FD8E51CA6E01551A2BFBCAEC860D2AA55AB7278BBFEFAEB478C18F1E5975F2E5AB468CB962D828A817EEC444A2C12888A4295D88A4A8C06F1E8EE7832A0C29A3694AE12C1C47B9E60C3E06E04D5885429C16F83A02D00E57582E02E6ABF1B7568D9B215D75DD71753C098C2656358B28C2F463EA11CB8CFB122248AE693436EEE4045C76657B75FEEE2FC9A9E9EFEFCF3CF130ACEC779231CE308CC703CDB7FF080520D0C7E76EDD9BD7CC5AAD746BD71C185DDCA95AF887AFA54A04C46A6FDF31AD12667A062FD67CE69B185A4CA31970798012A6E58D5004E8004612E8C90919151A74E9D162D5A5C7DF5D5FFF9CF7F3EFBECB3B973E77251063F041FC0D0BADC0F4315BBAA7488A2D45B7A51EA0788AE9935521EC98DA001E3C9358068E3208D56C23CF5E4C3A54B97F7EC69FEDE12962964FF9D608C2CC1B10C7812000387EE8B71899269FFB8FB0C810366280997CCCCCCB7DE7A4BDB6781D141031BAE346006F9C0A18394F0BEBF0EECDEB377F69C79431F79AC7E8346BAFCB1A93827512AD6096E0324CF8EA9B046F0D92DD9AFA164167B028C3EBFC614C83AB2962E5DBA7AF5EA6DDAB421FF90813FFFFCF3C58B176FDDBA9514047E581CD149380A18C894828D1EF596A31D2420C9248ED42621452DE228C92B4752801921F4413DF5529E41F379F3E6F5EA754DC58A950512A574044C211339CCB8475FF61F0B8A03F739E6E8CEF12C8AE693436EEE40458FCD7E4EAC80994A952A7DF4D14709BD9B0792E74832878E1C3E7CF4086851C2A134F83970E8F091637FECDDB76BF71F3367CDB963E09D55ABD5309F04C4CE4EF84F1F00D880CEF241642AEC5011B0EE4B9299C89D00F90F8A8C667F34A1DC8B6504248EAF54D6AA55AB7BF7EE77DC71C7A851A3264E9CB862C50AEE3F2E28C1864AF2923E972364212A65559FA8A45776C4DB8414BC8A6FC9C8062B3102B48044CD54F3D5575F5D78E18558557F0798B52BC3508335E28DE68344B25F53501CB8CFB189877F609E01331087936AD5AA719497DDE5D4FC93EE333A988116C00323FCB5FFE0DE3FFFDAB67DE79E3FFE3C70F0F0A6CD5BDF79F7FD4E9DBBEACF3A13C778541AE60D33B1D5854C7C683755868111181F486004324EC99225C1868E6A820A046C78C52328E21199235CBD7AF5DAB76FDFB367CF071E7860ECD8B10B172EDCB56B974E712C5CB1AB1214598B46D1AC93128F49B0910AD15D233094FFE8A68078E4C68F6210E0F9F0C30F499B6C075880704C4B4B37E75E0B001E39B8CA4A012A9CACFAE06D8170E03EC700C6FEE3A42791DCDC818A8ECDAE6BFFED62A2A466CD9A93264DC2EED6BF86B0783E49E90546900C848419F20CB5408A431A473572CE9CB9F3FFF39FA1679F7D0E982194D9F6C00F8209EBD84252644648E85AD54B560381C76413FB1D36500136906D601992CC2B8107423017A0D83F61AB235CD3A64DDBB56B77EBADB73EF3CC33DF7CF30DB7A055AB567190237C15CAD853D10CA828F36F5E8B916864C9108F9A85523302156E351B366C78F6D967CF39E71CF4B79A1FFF53C0B2801E9D5924F34AB612ABBD6FC382E2C07D8EF5739B289A4F0EE987A9B0AF8763402CB4E078E2A04A952AE419CC2DB27E31A403861C10EF696AE22B1DF96F9D53210694CC5B1749105785EFBEFB8ECD5B7FAC912D1FC528719EBC0BEB7302DC2CE7390EDC50204C84611C30230859C81892C5287D014BD28CB764EC060D1A74EEDCB96FDFBE4F3FFD345968FAF4E94B972ED53F6F4610CB26941881E5B3704A6B98C84ACE68188A571037785B8FD138ECE10E23DB014084F940C27A293A07CA83103BD4AE3DBBA7CF9C31E0F6DB3232CB9E56E83461C15F632AAC68F1D90FA4E4EC77C9AE6F305DC00AE693444E5DC781AEEC948A00DD673EF8E0032C8EE9F599A9F19E75AADCAC9F3FE4969CFB359A6A2448864C50584F33293781254B96BCF8E28B679D759642D006A5393A51EACCAD8FBF909D594F181BB2908930A31AECC6090D0B63373443431A806DA5234A0808D1802C8461594BAB56AD2EBFFCF221438670409A33670E1BFFB66DDB80100B27EA31882C602D615C40A9AB08F691A1801696B3E0E2FD6118998C45C908BCA53DBDD4058172EBF66D1F7C38F6828B2E2C56A2383B4CF192250A15298C10B7CC1C9850491E48C9B766D725615F38982E601BCB278B8AD8EF20C0BEDE91967691F81B67E360CAF2E5CB93BE8DC7ACF338017310C739105EC21310B20413EFB924D75141E013352266D427B384D4B7DF7E7BE9A597C6C2D1FCE234676E4E6B18111995A9F42D7B62D890002342B6FA90F10C982152E245175D3478F0E02BAFBCB279F3E6356AD4A0526F232FD8231C18033F5C8432333339CB714CEAD4A9D31D77DC81CDB997CF9A356BC58A159CE52C30A23FFF87803570079030D6317BCD2140A2B4A43C037EC833F88B965C5D64645A6EDCB811640E1A7C67C3C68DF073E1D38B603C320CB04982197718F3533795048C0B213F8AC48A2571F00AF67B25EC0E6BA2EC58663C4994043362B747E254AEBF5C6731373BBD9C64E1136DFF9C0D90A9176CE4511BF0A992DC8990A423AF0817118DA74D9B3670E0C08A152B82163C57BA749912F6D7DA90018C728E38B072C17148980B0C605B6515B0D1BB77EF2953A66034229E03D88F3FFEF8FCF3CFF7EBD7AF63C78EA497AA55ABEA57EAE5114C4D178B3BF3E93683942D5B9636F5EAD56BDBB6EDCD37DFFCEAABAF721D5222624C8C4F3A0248C818C4FED6A9492C2EDB50DA2FC5463F7EDD61FF85C3A953A73EFEF8E31C0ED333CA10F3043FB02951AA2432C733CAB86546EC2C29CC38D8B8F8890F21D8C78CD87FEB77CC7684A42CD39D244AA89FCFB4C1A36C81389508B8EAAAAB162F5E0C30F08C718E253C416903DE9C9DE331A3C7E4647B1B4276A3E9954F209303C6B163C7C00C21C85CEBD6AD1B3E7C78FDFA0D71273A722A032A5C69389B398F9E48CE4204BA30436E41C67AA40E2E2D6FBDF516E9E2A9A79E7AEFBDF7C818A84DA02F5CB870E6CC99E3C78F77FF5274C3860D39A79167F49BC33ABC41080CAB9257152A5468D9B225ED070D1AC4C8BFFEFAEBCA952B4123A6D8BA753BB00130FAF20BE5962DDB56AC5805CD983163DCB8714F3CF1044EAC5FBF3E6E35F7AB338B5A239D69FFD98B2220C7FE750696122C33E2E4980982C7E7FF3B980934F359DAD306AF6342E2806D8FCBEBD0A143F1B7D20B818BA0DB278F0A74280AF018C5D7C4933A42C80E3390DE3AA2860D552865EF4401E6053C9326FDD0A7CFF5152B56D647CFD85179C6F7EB896077817124D8508FE9D86B20F003128851043206E7342EFDDBB76FD7A6C312D8FB09778E5E0B162CF8FDF7DF3FFDF45392409F3E7D2EB8E08266CD9A3568D0A066CD9A55AA5421E128ED3338E18E47D2D3D3CB952BC7618F2C74F6D9675F76D965FDFBDFF2E083FF79F6D9E75F7EF9D5175E7869F8F0110307DE79F5D5BD18874150007D746E445546032124162E3324197D005032AD54EAF7199917CE2ED6FDFA848081D546CDFCF63E07F3066C63F96451A0593C8BE427CC4DB6A95BB72E5BE6EAD5AB095C22985D5FA1CC234946919D0732F8B084EC12543C814F859ACEF1B44726FEB66DDBB16CD98A8F3FFEF4861B6EAC51A31676348EB49F7BC2CEB5BEA10B841D66808A04481926CDFEBBB004289B3A6901BB7121D4DBEEDDBBAF5DBB966C03FEB916B2044CC77230A608146DDEBC992BC7A64D9BC012A9E9BBEFBE7BFBEDB71F7AE821B2568F1E3DB8EAE8DFDC64221CC45C400837B153A4A501A50CCA52A54AC3BAD491A2AC2EE6A74F94EC2C3C9A036DB112FA3AEC69858AE81BB154E2777F8D3E07363C6EE4ACC0900C0B030961E0D86F935D637FD278B6B17CB2C8A9EBF8B89676F1B8812D0DAF801648B0E186CAC58673059EC6DF042EA18C00290340518CA74C162F86909374675726D4808D3E059202163C8847C83AEBD66DF8F1C79FEEBEFBDE060D1AE99CE6C326B075FE195408360E337A04271C819E7CF2C98913277299C156BFFDF6DBB061C3F4CBF4E0874D8785A03C25FA6B23D0F2B53AB72350D286927A5D8AB8900024C61C356A1413319D66676AD60BA398E0C1C2956C4108B0D18F8315E8B4C13EB818B400159063BE9A64334E92187536644058431923C722476103EBD1BF2DAB269EF5560DB26BE91448C851349F1C3AAE53DC1193A59A5FB6B6E40242C42347826BAEB9E6E79F7FC6A93812C2AFFA21B72240EE8788651E25FB4447287AC8377182D7A7AB5C79C10F87F8AFBFFEF691471E6BD3A65DE9D265881E98A0C1BE0E3F789A578411E1C52311C05BC581643DDA4B84E9C2DEAC41B467C3F68A673EF2621FC198B463BF3FEFBCF3060F1ECC459FC89665C036D6C02C5C059B376F8EF5483BE410CCC21680F2BAA043329AC30C3225FB911A308E5E21603ACAD9B367730562406D67080283D443D04AB59684EC3B3D0B27EAA5D17C3EFE2A972C6CF8F0081E037613256405F349A2E33A65C50CCC02804D3CE118C8F43DE38C8E1D3BBEFBEEBB72BFFCAA0B869C0A51491CE0755E9D50529E0130BAFBB26BA3C8F6ED3B57AD5AF3CE3BEF0D1870FB79E7B5CEC8C8C4CD04938310E7903265CA021E1D60F456A539A2C41A3B98C134A352CDE848B07251E1BAD2B66DDBBBEEBA6BCC9831D3A64DD35D0553B089483D1E3983CD9B378FBB07C13D64C8101E318EF224A5EC0642A84446C06E821035DA92644F487DC1E4EDB7DF5ECAFE8BF09C05387859A71CD7502B524D761C38FD38A780992CAF72C94248129004ECCF15CF36964F161DD7291BCC10351156620454B4A1F28A1138520F1C38908443A0E0600EE2FA4840DB24244F4B3E71C46C764242CBA41AF74849CDAE5D7BE6CF5F3866CCBB3D7BF62E57CEFCB1353427C8F4C186B2048FAC0B414B230A096ED64B8D35428428200454C01B398A8BD315575CC17D5D7FF91684B058853B512E3BB07D8081BFFFFE9BD31450016075EAD4E172824D78055A684F635A22233008020484580C7D8F1E3D2A81C1A9A444E6683774E8D02A55AAA021AAA219CADBDDEC7828C747763C074E3FCE271833EECC16D467C7FE5CF18C8F4E1E1DD72997985178F15687132EB59F7DF6D9BA75EB70AA228650E09A4E64E06022C006F6092480013C882804120EB700120E50116CD8C411783B6FDE82ABAFEE8595050900C32A107864152C0722ACB534B0C46225EBF35E2E00E0A46DDBF624AEF7DF1FBB60C1A2E5CB9713FABACE29A0593814C89413264CE01C052009F4E1C387FFFEFBEFEC32DA68F4790617154A64ACA73179C47494B461106518E4CD9B373FF3CC33999999E88CF2CE11C0DE85911FD9CA39093970FA71CE0933E1AB5CB2C34C8AB009A60B180B9C3C3AAE53EE31939E9E2E9938602842E18E3BEEF8E5975FF0BD7C8CB371B30480E488B7054E6CD330C0002DC41825E03972E49890A3573B77EEE6B476EBADB7916784160E363ADBE891D5B11CED02424EE9D2A5CF3EFBECB3CE3A8B0475FBED035F78E1A58913272D5DBA7CDBB61D8C0C149542592051CE4AB53AC53A8F90CEA5DBB66D7BF3CD37F5613150E436C898BD7AF5BAE79E7B3EF9E49365CB96915E641C590CBC41A41708085152A974B461C386E79E7BAE56AD5A181F1C43408552CAFB473217DC058B99A0521C76CF891D6682FAEC38982E9E71D649A240B38059129E080857416C6FC416EEC74F54022D8880E076FBD24B2FE9EF06E2662240A160E2FA441261A62B8DCE66420E1769F3AB39478E51A3543375EAEFE79EDBCA3ABE6846460627AB264D9AB0109407F3EC022C0119CBD0E0B2CB2EE3DCC52EC0DD7DCB966D3B76ECB27FC2D68CC3444CC7F88A6F26D6490C19C05012DFD428D62184A953A75E75D55580108B09394CC48CCCDBA953A7175F7C71E6CC99FADCF9D8B1630C88E9E8450D9947E320AC5DBB76C488115C8AD090AD8A41207CC198C0C6C78CEE607E5425E4C0E3C7391BCC04358EC3EE39B1324C809924100AA68B671BCE278502CDC4E41CA51D614620418070B36A88331C8FDBD88FF50AA292579C193A77EEFCFAEBAFAF59B3860880B8E4287420424A51258A423EDF24A8B80CE3C04348235012DF44F9430F3D8C7D4B983F0A51F4FCF3CF1F366C58F3E6CD5902DB76C78E1DF5F313D6C8CE7DE59557CE9A354B9F045A32DD198AF119CD22858D20FAC610EB4207ED0E1035C43744372D99A04766C0679F7D96736CFDFAF54935EE0645D0972953A643870EEFBFFF3E599AA424A80050BB34F38124F3710EBCFFFEFB2B55AA043CD019B4A02D5EC0E60CC523A59F67144CC9D9F77B163EF198091EC57EA5CFC174F1AC783E19146826F63163E06249C124CC48C65B8004FF696FB69B9C798B407B6EBA7DFBF6FDF0C30FF5AF91E92A0CB9302A40C04004B48298B046063C300279864314A986C765CB565C745177EEEED6CA457BF4E871CD35D754A8508178BDE8A28BC00C95AC083AF7DC737FFCF147B4653830A0F1195C53207B8FE6430E9A412C0A126C58A36AC818B4D1F98A965C60F4A3158E64648C471F7DF4A69B6EAA5BB7AE4CD7A04103AE3A588C2EC046531BBCEEDBC70674EFBDF7DA6FD6198C616104A1CEFAC77C39CD3A220B66DCA35D7202F6FD9E854F306602166038AD05F58E83E9E2D986F349213765A0A2632D269E83668E71927E9258C8FE3658F9F215B9098C1FFF85FE4425BE176C881E64024B114664084892D50C8138D323EDD512723508AE263B52A412B2945F7FFD35F9440197965EBA5295CA65CB65162A52F8828B2EBCED8EDB2B57AD4248E0355E910D50925E478F1E658F971AB922290645CFB19F4789B4402D19304C9E3CB9DF4D37962E935EA254C98A952B3DFFE20B5C9476FFB187AC694E7F7FED5BB464F15DF7DC9D59BE9CFB9E4B607638B95F4E34E36B1FAE49D025761D5D44E553F928A04F02C5AF21607F493E07CD1C73A866340ED358B054A9D27AAC59B336378777DE7987FBAB629170218C28216288D8222E2117646CCF7A74AF68465F3540A6D45BC8F6484CB4545F12DD33CF3CC31D264A95E637FC8A9F59BC18313A68F09DDD2FB9B85C85F254163EBD48C74EE7FFF6DB6F524C534763E586D4D1E9C65010086158564129D86B991864E5EA55B7DE3600B8162F59A2C5B92D27FDF0FD91634777EDD90D60E62F5C70C7A08125D34AA11BB802E408495C704A388A2262C3FBD64512E4F87D594BAE3E434BC851409F044AB886FC7031FB4BB0948C59DCFE19587BC7311FE056AB560DE4BCF7DE7BAB56AD62F3761FD1424495C20B9918E228CF2351A5F0720D1CC53F66470C62A3F72089AE77EFDE3A409A934C89E2441E3EBDE4B24B9F1AF974DDFAF508562044683E3EEC09E6A5A3BA4B498D963A6952A71E23301484C0E094D4B334E55E1E492CF316CCEF707E47B44ACF28F3D8138F6FDDBE8D7BD9ECB9737A5F7B4D466659743350296A3437F9307F1156E06C422886139F5D80856CCFFFEE0A90DB8FD1E2390AE893406E0D810679668E64584A504166647DE58460D56D81CB43A74E9D9E7AEAA9A953A76EDEBC59C1A47D973022CEA8014E2EE024F096C8635756256442D2DBC8931003428B162D6AD6AC190A006B4AB081434932C39E1CCEB1870D9EFD9BB83CABE9D9DF7D3F49BDD08AF129994843A54E5647437A940E1035022450D455874A1EB7EFDCC1E5E8E5575FA95EB34691334EBFECF21E73E6CDFD6DDAEF3DAEB85CBF725CAA741AA83EAD7021FD7E4BFE37E68265174829B2E9E26126FF6B8902FA2490BF860261E5164A41458FA7995F9F2C54D8FE363C210B78D2ECF7B26EBFFD76AEDA4B962CD17D43C82140C933C046FB318F828A820F423670B164A2D2BE72424054322CC44455AA5401BAC20C7B3691D7B96B9737DE7AB37DC70E3C12A9D45C7F43DF556B56333B7D995D1F5E11DF1A2DFFE452AB8825508392878F1EE1EA425621D560AD6A35AA0FBEFBAE4E5D3A836DAC487AA11290C3FAC67E6E3153207119CF6E5817482972FC200882509E398AE9134D09D7901F5686B13F2A307FAA4F073364608424D8908610ECEC45CB962D7BD14517BDF0C20BBFFFFEFBC68D1B095668C78E1D8417F80136428E4544946D203D42BE2C52039FE80E66468D1A0550418BB9CC14359157B65CE683FF7968F888272B55A9ACCD1BA43FFDCC486E114C0409961A4143E58722FD2CE0D905189395A218AF28399B7175E13CD6E7FAEB487A588E129C94299B2190001E32214A9628551208B9384B91D53EB7BD9273963163EC22CA0455F658F2D590ECD24E9E59217DC2C9AD21983ECF0C3C800D4946B71A5D07A90124442A8051D40221F67B4A64521072C3860DFBF5EB3766CC98850B17B2B5EBA77B841725E1AB92208B0F5F45A1C25114BDB0442F6A00E16DB7DDC6D4FA64D680F6F4224DCE3EEB9DF7DE25B1108E4A321CD5C67F3181FD5E40A53B257980478D967FD2C88CA9F402784865E8AF8FC8389E3DFCC8509DC1482F9CC7ECAF329CC1A151577F5E29E7F831970A2BB2C5C1AB3C7396312DBB708A822A7BCCC48F83F0FF2866180A84C88208303E87219DCA74B121700381D6949999991D3B76BCE38E3B3EFFFCF3D9B367EB17425DF81270EE5135948A3C839518E9AD883644E4BA75EBBA76EDCA7AD18189CCA445CFE014F4C9B84F3998D923A489C5464D1A4F9F3983D8655E629AB9188198965020A461211453492582FE8028D9E6D1C71F23C3106CE0840C438945790433F6B7548C40656076D8455E42D6DBE46D72CB59C6B4F090C71D2BB41232DD5D628946C83A781E58217DC2C95F4381B01BD08C694D297635FE5BC109E39297085B6AD84B75AEAB52A55ACB96E7DD7863FF51A3DEF8FDF7E99B366DB15FEEE2BC647E126F63985393F9313F8F870F1F753F6774AC1ADAD378C992650CA8D929498004E0ED770C7A7AE4B3356AD6366ADB4BD75557F7DAB479EBAEDD7F30A65823D8014F2C1D40CFBF0EFCB96FFFB0E1234A962A8D3E687826891A9D89BF62E65F4D44D63546A1969079E5DE2A1693B3EB984F766E4D9183EE09D9A9A7B5C76B1B5F1385F509A55CAD211576039A312D5AC47E8D938519648218763508BA0B81A50A152A356CD8B8478F2B9E7BEE855F7F9DBA7EFDC6DDBBFF20881D5A38DD0027829B472A6140824C1B4A60C6AB1F7E989C99595E172DFB8B6267942B5FF181210FDD77FF908CB2E5CCAFCA142D562A2DFD9E7BEFDFBA6DC71EFB8D32753F699801A8070F1DA11CFAC863FABBDD9468455810310E338A12878A78CEEE95FAC673D02CCF2C9FA6CE41F784EC346451FE671E3C66B7CC28AC4F28E56A0DA9B01BD08C691112B1E736B5942C5BA8469512483E8A6FC651A22F5DBA0CB9A275EBB677DE79D7C71F7F3A63C6ACD5ABD7821F625A80112BD6FD471A8037F37BBCF6633D9891492F8F3D3EECDA3ED79B7FD6C69E7BD24A9779F4B12776EEDAC366CF800E3392A3D03E610450C10C88BDF1A69B4108FA942899E6B28A5816C338D9458CCFBE5553699F4F764E4F9183EE09D95F2FA6F043450649B8AE28B24F28A5BE8654D819251A96458A3DCC68E58120D9317DC93C4085BEC8820D29884A924F464666EDDA75BB74B960F0E0BB478F7EE7FBEF7FFCFF9777EE3F5215591CD728591ED3D3C3BC90E0AE30E3C830BC44D7358A8B2059C3122223647FD3259B8CA22BA2F86009A2D9C4F8832B4BD009A891981871DC8DD110428CAFECC34CD4DD1FF801D6516C661866D61712FF063FB7BEB74FD754F7F4DCEEE9860E9C7C53A95BB7AAEE3955E77B4FD5BDB767E0CF891319A20AFE4D9C399DFD4B4599CC20EBBA4D9BFE904AA5F5390F01877EDADA3BE0CCF25B56E0A040BF89DFF9C493F82E6B24E30CE9B9E10C6B3382CC3FFFF5F1D26BAF431F460387B03131FF5049415F11349286E06CF560339E1041F382F04D28C9A2D8B3AB2DC155CB463034064E99D966391973052B140805F8B76D72B460A31FD65180C51525F12AABB995C5DBF2E5BFBEFBEE4DBB77EF397CF8C8A79FFEE7F8F1CF4F9E1C62CD76F6EC8FFDFD9FAC58B112A6D19095DE82050BE97941D7A2471FDB3EBFB38B3BBAD642ACCDFEF2DC5F4746D9984754F139E368535D8133C78E7FFEE4537F460D0D85F1241F4538A3FBB12118D5EAC19FEB24089A1784BCA20C13629F3EEF12A8351E82A131700AE3F327D2A6DF2F248F8BC3075801556CAB434AB8E0101601BAD5A96843E29A343434CE9A35BBB3B36BEDDA75DBB7EFD8BFFFA5BEBEBFEDD8B173F6EC39F446FDA54B97C12E38D3B570F13DF7DE77D5DCB64BDD1F5BE18AF5E999FBF6BF34CA8EC86D870491C7A1BA0267FEFD71FFAF6EBC09F3A131FAC0647F4C12C2D862435D462765C0263A2182E60521E5A5BF7F9BB0729D1A0FB1E3D68804CAF90886C6C0292CB489F49B14845A6925868BC3109C9E8C820CA748157F5493BCD8451D32A2503A3D9395180B39F18D1DD1CD37DF0268CB7EA6FBCE8D7046CA9072837FE5C0AB04198B3363515DE1A2FB5F7CB961661304668850C9323E8A041F0143020415AA04CD427204CD0B02E58DF6FEBD55B06A4510FB6B4D49A022088646D029ECCCE78CF2F9AE8097E3FD40EECE220D3EE0EBA45187B4F24035BF5087348448442AD1890CD1A6BB7B03BB2088D7D4DC7AEBCADB600EFA106A5023DDD0D8F7E6DFBF6149E648925D92C54F1462D7AE9A644E0EF5DCB319C30932A40A7DA4F1686097CB4CC899F3054D747204CD0B02AB8D3356E21F4E3814B19BD69AA09946412E2EAF0DC6E5B29F8D81951B54DF4750A16C30AC5A7DE18B1DD774DEFFC72DAC7F58F61082D8D8B09053F882518D8DCDAFBDF6FAD7EE0F71882D6C8760CB993367DDEBA0F815BEFFF19B5E4AFAA2F222421D7D4D87FCE03E638B5E687EFBEDB163FF5BBDFA37684278C47CEE1152CC1F9324E04EA1BB8CCD0288E6256F640C8123AAC4F2B502CF1C1F594B2790D8596B470AD9E0F20E0161406E20B2B0E686A042D980337880387375C7FCAD0F6D5BB96AF525EECF493637B7D6D5D54B610E59B96DD9B23593191C1DFD7A686818E8CDCCE9D3A364FEEFBE71C6CBA3EF5CB21F92FADF1F3846241268A31ED41542C97BEF7D00870980E2099C41257F4012C20863B3002E00CE982D429E8D134BECAC3528BE25B2B6385B84ACE5390415CA06D3AF084EB4993BAF7DCB830FADEFDE40C4D7824D8B3D3D69C0B13A3BBB76EEDCF5FEFB1FDA33EBE1E191C1C153EE3D69EEA70AF087543C717C89447C9850A019F14A4DC443FAA4FCE0C1BED6D62BE08C169FA4A85484361AE7E2B0CA1700673041771321CFC648A61495D8416B53CC12595B0B9C21C8C099C6A61608F3DBB5EB589BE19478246C612D446AB7E7969659CB965DBF75EBC3EFBC7388F51241465B1A446C813CF27E0E452144254944B14529BD41219A8F8C8CF4F6EE4BA5D2A821C5D0247274CFEF134256E4370C862540ED7326342734730C672ECFFE8D84C98B75AB4BC42E5E71314B646D71B60859CB73082A4C06E28C1E3F5C35B7AD73C1C288489C720FA9F50A08C847715C32ACD9DADAAE5EBFFECEE79FEFEDEFFF6460E04BB61F383A2E2EBF579430FE24179A40127A9070383C3C4CE4D9B6ED51A981627A1E0879FC3B6B08F730201FF2FE529D3EA85F6AF37380D0FC1091C8B919BB0A722690D8C52B2E9A78206BCF2F6734FDB0852D8DBE91A94BA5230AB907D678277EA9CD0320E668E7AD076E18C2A9458B96F4F4DC7BE8D0A1A3478F0E39517CC0E3B5B28A62901328E1A24E24624841E12C245143FDB69974CD9AB5B64444079429461830962A06DFF6E4A87DCED80D651CE4824C95443C8C5DBCE2521267989E8208AA950DB185147F32DA44BEE5BC335232FBCE149725435AEFFEC120257A84057F083E4D4D2DB7DFBE66D7AEA7DE7AEB6DD66C6C788831DFBB8FACC741618127A4FA5D2A29BDC04008D9D1315F2A499978008B78C958AA1802F34BC5E47BA81242F3B360881CAA2E171167E86A1A3B16F72F0066D4D553026DF00CB9A6420AAA72A85B3B3CA1C49EF3064E4C7EDEBCF675EBEE78E491C70E1C78F5B3CFFECB8607E8770AF64935800C05450F0048C9673219E2D5C0C0404F4F4F3A3D53D3CF15A589A0EBE6C3B77132084852B39C09464363E52114ADD6F2253E5DBA449F69558F3339C31C8A7346104FB4E5200E68FB5111F2E0043E72A7DC589BAA8660621828AD94D8E1708A3C8CD21361FDB1F3BBEEFAFDB3CF3EF7D147FFF8E28B134343C3F0073A280A893C76C83E0890D78F17BEFAEAE477DF9DA1C9EEDD7BBABA16D94513226748328CB1BD14F8535046270546BE2C04E6FB609ADC16A65A7B185F6217AFB8E48C7148C219E0D346A808677CA8C3B8DB8938A30C6C01D4B41D0EE4117F38CB6E879410D1DEDEB16AD5EACD9BEFDFBBF785C3878FE8B141263378EA141C62D3CFB627FE7F5290877044211C3B72E4DDC71FFFD39225D742425DC52E6D6A8C87C0B48AC31F2B21A870AE919DB200D150A0DE85CA192BF7CFFA08264908EA4C067EB7B10EDED00790D7EA6C94773FE1608D470CA43979321C0A94B0599A3A6D46AABE61EEBCF65FDE70E3C68DBF23043DF0C0836C81F6ECD9CB42EEE0C1BE37DE78B3B777DFD34F3F437977F786C58B97363434B2DE6307A568A6EBD626674050673208CC9910365306FFD485C9192B34D8F01544A52669BCB541ACC3D8090879E2E56148D4CAF523C544127D7D0C8528A10E11034471325AFD468FDD8842ADAD57CC99F3F32BAFFC056953530B48A5D2744EEC521C5386FAA6460D7226A89004455A05E64C068C9BA3CCC5CA199CF2F2A90EE5CE53807CB608B10E7911C64D40CE7D95C783092674356D7A1D54897B7054843330E4924B2F23253F7D468A94729AD096E51C500CD15E88941232EAD6B86119CA051D968AF19A9BE16543F60685E341D3E723A810A85712346E367A187B51730688334161D90866CE50D0B1809B809833CA03F26202C4B0E599FA8F9E074C9D5E974A8B3C9C8A828C7B23A91E488D0F513FEE4DA540DE0E95511353A00CD0D0E097E70C776A970A11262167EC5AF9B03ABE6EA54223267088A5E7883353A6FC0439E361A77D1745D10000000049454E44AE426082),
 ('gyanesh.tiwari','Gyanesh.tiwari2016','Gyanesh','Tiwari','gyanesh.tiwari@skillnetinc.com',0xFFD8FFE000104A46494600010200000100010000FFED009C50686F746F73686F7020332E30003842494D04040000000000801C02670014646E5031576F5661765A70697570594D716539421C0228006246424D4430313030306163313033303030306438303430303030616230363030303030643037303030303832303730303030376530393030303063323062303030303161306330303030393830633030303031303064303030303932313030303030FFE2021C4943435F50524F46494C450001010000020C6C636D73021000006D6E74725247422058595A2007DC00010019000300290039616373704150504C0000000000000000000000000000000000000000000000000000F6D6000100000000D32D6C636D7300000000000000000000000000000000000000000000000000000000000000000000000000000000000000000000000A64657363000000FC0000005E637072740000015C0000000B777470740000016800000014626B70740000017C000000147258595A00000190000000146758595A000001A4000000146258595A000001B80000001472545243000001CC0000004067545243000001CC0000004062545243000001CC0000004064657363000000000000000363320000000000000000000000000000000000000000000000000000000000000000000000000000000000000000000000000000000000000000000000000000000000000000000000000000000000000000000074657874000000004642000058595A20000000000000F6D6000100000000D32D58595A20000000000000031600000333000002A458595A200000000000006FA2000038F50000039058595A2000000000000062990000B785000018DA58595A2000000000000024A000000F840000B6CF63757276000000000000001A000000CB01C903630592086B0BF6103F15511B3421F1299032183B92460551775DED6B707A0589B19A7CAC69BF7DD3C3E930FFFFFFDB00430006040506050406060506070706080A100A0A09090A140E0F0C1017141818171416161A1D251F1A1B231C1616202C20232627292A29191F2D302D283025282928FFDB0043010707070A080A130A0A13281A161A2828282828282828282828282828282828282828282828282828282828282828282828282828282828282828282828282828FFC20011080064006403002200011101021101FFC4001C0000010501010100000000000000000000060203040507010008FFC400190100030101010000000000000000000000000102030405FFC400190100030101010000000000000000000000000102030405FFDA000C03000001110211000001360618AAC6A75BD541A357BCC3B5BE32F7CCC6CAA6C1AAAAD9942836F424DD084F759417D0D8F42B9AA4C09AA5D2C4885AB3BFAC20C1401CD0206A842C2F58AA833DC9E2CF2ACF85451515EECECF2ABA5D67A0DFC5774C21B94F023D029E8F3138144D0E9157735C409BE3C861BF411B7988EE6B969679F3FDB0B4C6A8C8F2BBD0D2C1B6BB2A33D1D0458EB82DBF2C8E4CA7625E4F81EEB2B13B32B943D77D9C95497DEA75233D865629A22B1F300C6986FAA97CF71237549F03DA9657ACA3DDB74A4021C621FA22F0A320D1A549548D7B9D4DEF73AC56839F1EA350EF3C2FFFC400281000020202010303040301000000000000020301040005111213141022410621233124344233FFDA0008010000010502BF693546DEF4D8A9BAFEBAFBAB6BCA16C2D4C17DF224671BC4E3DA30B4C0F47D8EB69C97E06C6CB2C3E224E7C16F0C512E50E34B2ABE6C57EE72AEA9812D810B19609D62D3D863AD222A9415CD538E5D5960013CE595F5818C84E89A13AD4B0E494BEEA675CB3272455762813174AAB909A0B2F0764BED6C62D40631AD2108292B689ED69BF1AD4B11556E2111EDC848B2561D724A3EDD040F856E92DD58AAF56400C294C5F53CF99A96600E804BC606226E4FB618A588B39C69715A9FF503C7E8B80754E47ACBA0B1851CD034CD8AAB80513382BAEE5D36453037AE63EFCBABD7B0C1478A0597A84BC0FDA6D788449E44F33A8DB082905043B6085E55803CED874ED95231591CA308A0476B602D6C591D3925CE460CE55B8EAC4BDBA1F803131DD3E9BE7662A2A2D883DA2856D766DB87543BCEB6100EF9C8F4E72BDA7573D76E3C94ED2E41D0F219C6CB70576B65089E898F74647A4673E9AA6745BB5CB122EFB369B528CD407F1EE0F4D9F88FD67391E833C4D64B1F5FC66E6DC3F0E6BE3B4BB25DCB259F1E91FAC8CFA69927AC265B89DBFF00515FF45CE7CFFAF4FF005E919F491CF919FFC4002111000201030403010000000000000000000001110203120410203114214151FFDA0008010211013F01921F05D9051086FE16EDE5542D97BEC513D99A28F7B54E3A194E9E6D26C5672AA10F455C99332703648994B68F22E7EF3CB6FBC973FFC4002111000201030403010000000000000000000001021011120320213113224132FFDA0008010111013F015A71ED968BE0D6D3C39A287D3C6FF4C9455C9DDF4244FDA260AE28E3C98F1C9E31F5489D0D99B32314595C463F4698ED45BAC8E8F9B1D1ED74FFC400301000010303020404060105000000000000010002110312213141102232611320517104142342529130337281A1C1FFDA0008010000063F020FAA73B0088A40B0CEBD95C6AB895175EDF472BA99823A9A7646D425AA1346E9C0F568029775427B9839465324B672BEA3AE8C4A86E787320FA661C344DAB187058D55D12E4D2697BC14E76976A1729803609F73A6130DB288EE801C08594CA73CF71C2A8EFC5073DEED651E67AA8D649680117D213B855FC464022550E5FB55400C82E90B0D27BA96F285CD738FAA9DC2381B6A9E4C8713809A2328928BF405102E681A2AD2E2400A8E4F4A73A943EA0320CE56B8595B7BAC27B0364A152B893B298CA7366047ED0F5ECA5B4DCAA47E275547FB42F02EB0CF4A2C392B477FC5F6C7068AAEB4CCFBAD649DD5A1A5C7B28D90741713A053F2D8F49553058E020854C076CB982E5773B7A6516559639BA850CC95278328D581B4A96BAEEEBC5B8367098D8FABBB974AA8E636710530C38E36E17388006E556B20B763EAB3E49A4F2D43E6A836EFCB642A7C2D21EEC74AFE8BE5573E1C35C33210CBFF0049D52A186B51CDB4C68D45BBC7E916B5F7F7F35D41E58573B3EAB7AA1556DA44A1CDB7A2A54C8B48EBEFC3E21E266D8467CF1F90845A015A3936B3ED871B6273C2A774F68F382350A9D56364384ACB535DDF806E55477AB9479CB47531EBA3FD2FF29BEEB408FF0005767DB6CF0FFFC400261001000202020104020203000000000000010011213141516110718191A1C1B1F0D1E1F1FFDA0008010000013F21FBD81314E3D0C22926ADB94A8F4DFB841DE72803798587B862947330057C099ABB605C25339738634000F72C251529BDEE296FE3A4A62AF10CC687A944351FEBED1FC4AAA2E21C3CCC47C46671EDC330F20B1A6100C43B2A2635BFC11C56A4A7DA64EDAF37E654F8BAC244B981A8AA19E2564D4283C4524EFE0AEA5602ECAE27215B71B895005B1B6D1D1B6E152203EA6E177DF995E9611D30F0EFE989F57A80329C988BCF0128D5B6A1A7B8C496C1863E5A7F5828FA37ED19B9380E7CB2D3EC8333B420DF3599E02F4CE09C500BB4AE62BBF82F5138CC3B65901868730C08ACE81BEE14F1701A0F3512002DB1DC6C1D6D044AC34259A2ED212F613E93FBAEA655009C34C0FF000589A496C29DAC54D50275986C3881188853E24255696C1772A70F998A5D4A7DE3619506D94717DC94BB2AE500C0C45D7ACE67C9D0FC4CA09541FDDD919CB8FE625AC5500727F3128738A265A5395892DAF98D1E2054AFEE3A4A350E3858598E32ABD1365329411C10102E1500DAF8EE32CCD7D2F6D52F0FC45AF0EACFFC447BCDD50CAEEF8B1B4328C8422E028E38945C56B0495A4FEE2DAA64B21B8502D7702FD0A5DB08F6D48E1F887E00B30F9840400BBF305C670D896FDF75D3E25DB7098740A3B63173370D4195772F1E8C9A3D2A969BFC25EF96A506CB1D452ED41C1EE7A5E98B7DD30B8A3FA9A8DEF73898466B99CC6514D63382B399E05F307B8523A8CA1AD713CAE332AED2A1C24772841E8A8D5016D6F315997B5A1FC300DE594C7A7994F339FB4752F30D23EA0DAC8D7C8FFBF4FFDA000C030000011102110000105B77DE9D156CE71B1A18D7C034DD358DD8F9442DC7B8289BB9A3D9773024921650A5E73AB3FFC400231101010100010205050000000000000000010011212031105181A1E1617191C1D1FFDA0008010211013F1056E1226B0EF78933BC56072E46DE4A59940ED339AE0B1C9EDF991737DBE60246C3CA77CF25AE16C1E3978E3F2FA595867DFF00BFA989133D601D2D35696131B87366F46FAFBB42ECF81C5A0EDA8763A1971764757FFFC4001D1101010101010002030000000000000000010011213110205161A1FFDA0008010111013F10370ECF482178E8FF0021142D5C583A484D808FEAC421BD9960D4EAB2F669A2EE762A6B18358DD6C0D4879E5C32CB11C9EF16ED6D300BB0DEC866C5B3D93F31791FA3F4B5F83E7D9FFFC4002410010002020202020203010000000000000100112131415161718191A1C110B1D1F0FFDA0008010000013F10692A728C7C875E630CD564743C3ABA82D84DBEF665334C36ACE819256242C6CFECF31A5DEECB0F257711C8A141B2E701AD25BEC83A85D92FDD6D7FA9D4004149C4072D5D5EA5D0240140CCA5C292365EEE5295D0A08721C5C0E9AD50B8520C2ECDD4BB5E89A67EC1722763C91F5AA2783F29674A0B8B35DC0846C20A5BEF86143488C5BC0696AB7065E6272519F4660A6BCF02A3B739B870A4D35C880A562D3CA52A6C0BD99841C4CB595F303A0BD4305C93C45B71C799814CF455DE2FB18C450A50E4A7EA3BCD76C05747E0FCC7879DA9E989BDA4A53BD4485D0E0B3B1BC6007E63BFCC51CDAF030958501066D3DCE99E0EA5FC56ABC450BE9296F70DBD05AAB62AA42ECD106596B3624D85D9614A53CC19E668A5E6FE58A0794ADDE7875041D8B66A09C2F174F91FA82F208AD3ECF718364C05D9F485B11B5B435C7885953A2C80AF2DF1053030751F4850E5E3C622BD890885E6E6A81C78536279F712A870AEB1D8E6BE22020BA32B3273A724700FC4B1256672B515413C02FE25D38B0148AB70509F137C2568BA356DE2F9DF0E6143EE7AE4965AADDC2DEA21BE02A5A2870D261E29E1F23A29ADE33284141D379D15C13090EC183E5625AD71056C7F9284642CB09E465053D6E088BC34D245283C318C4025CEC2CBCAF2CC99033B8AE5F899D91BD4D9C4B2B06CDD7CCB760745ED153AAB6CA91046D6793EE17356A79B83280992B7604D290D93C475B26916B255AF9EE3E76F72997E41A88EBAA9030629FE09496103CB0A381F40017CE651317AE5176C0E0EA0439DE62191A813B51B78D5866A1CEC83DD6E2D020057E92E6A725A292FEE702E3D4E30DFEA3FD059001A146758FCC18773B9E83CAE23802CDC077D98B04696CF6AEE519F956F0C8562A501F716B06DC10031A21EA4A35A3F305846FEA1D13DCC1D000A7A09C0F5C3312340A6928C2003735EA59E12EE2E10706DAED8AB116C0877DBD9C389648942F6CACAE6E30E88D571344545B1361EE5E22BFAF7177F910B20E8F186E50540085E00DD90182EF807883432A0EDC6007FBA87C00661BE11A65D05CB5ADE506F1E38982B7D4094F662E8448C51B846C94800286F937DDC399E4B03300B5F07149D40DEB6E08278A11E4E7FA99FAC09AAC5C680E530A45898B32C60820D0CF71545288F59C0006BDB06240E1A1F7700FF009EE02925CB4C34A0BD0F4F9F3F82254CAA57E619B38C2385366661C4587C4270805C9DE847E97F1FFFD9);
INSERT INTO `user` (`user_id`,`user_pwd`,`user_fname`,`user_lname`,`user_email`,`user_img`) VALUES 
 ('jagdeep.dhanoa','Jagdeep.dhanoa2016','Jagdeep','Dhanoa','jagdeep.dhanoa@skillnetinc.com',0xFFD8FFE000104A46494600010200000100010000FFED009C50686F746F73686F7020332E30003842494D04040000000000801C026700144F6F5F34682D55726F7164756964736364564B701C0228006246424D4430313030306162393033303030303438303430303030626330343030303064643034303030303062303530303030363330353030303064633035303030303262303630303030356230363030303039363036303030303439303730303030FFE2021C4943435F50524F46494C450001010000020C6C636D73021000006D6E74725247422058595A2007DC00010019000300290039616373704150504C0000000000000000000000000000000000000000000000000000F6D6000100000000D32D6C636D7300000000000000000000000000000000000000000000000000000000000000000000000000000000000000000000000A64657363000000FC0000005E637072740000015C0000000B777470740000016800000014626B70740000017C000000147258595A00000190000000146758595A000001A4000000146258595A000001B80000001472545243000001CC0000004067545243000001CC0000004062545243000001CC0000004064657363000000000000000363320000000000000000000000000000000000000000000000000000000000000000000000000000000000000000000000000000000000000000000000000000000000000000000000000000000000000000000074657874000000004642000058595A20000000000000F6D6000100000000D32D58595A20000000000000031600000333000002A458595A200000000000006FA2000038F50000039058595A2000000000000062990000B785000018DA58595A2000000000000024A000000F840000B6CF63757276000000000000001A000000CB01C903630592086B0BF6103F15511B3421F1299032183B92460551775DED6B707A0589B19A7CAC69BF7DD3C3E930FFFFFFDB00430006040506050406060506070706080A100A0A09090A140E0F0C1017141818171416161A1D251F1A1B231C1616202C20232627292A29191F2D302D283025282928FFDB0043010707070A080A130A0A13281A161A2828282828282828282828282828282828282828282828282828282828282828282828282828282828282828282828282828FFC20011080064006403002200011101021101FFC4001A000100030101010000000000000000000000010405030206FFC400160101010100000000000000000000000000000102FFC400160101010100000000000000000000000000000102FFDA000C03000001110211000001FB8160077BE64B668951300000098EC6AC92814296966D800003BF0B4690940AB9BAD93600000981B3EF3F4251E0A15662C00000753DEA71ED2B8F6186B952C8000F73AC57B44A000F1EC66D5DCA766782F5EA576014000003105CFF00FFC400221000020102070101010000000000000000010203102000041112213033223240FFDA0008010000010502FE18E32F858946368C491107A07240D05730BCDF17A5998FC5F0FA59981F17E5CFDD9379F421D52B3B6AFD103F3476DABD307A525F3E8542D88D360ABC372A96290817B286C3C445517730000E99938C65BACD3FFFC40014110100000000000000000000000000000050FFDA0008010211013F0147FFC40014110100000000000000000000000000000050FFDA0008010111013F0147FFC4002110000103030501010000000000000000000100113010202112223140614181FFDA0008010000063F02E8F8B85C05B7889AC7805BFB006E91841B1BE0874D5E530E17B66DBB0B766FCAC64559308B50A197FFC40024100100010304010403000000000000000001110021311020305191416171A14081C1FFDA0008010000013F21FC1BC63B5766F9A5CBF8A9442784200F5A231836100FAE783EFEDC5C00BD0BBB511181978208F66D51E3E01464B35EFC1B1925C245261C6B379452CAAE5E1327D8D4CFC7C38B5BBA3EC597630CDE75488C3676C00CD5C2E7D6F3EDFDD5F7FB358AF2A8D10711A82E674177C7709A7FFFDA000C03000001110211000010FBEEB8DBEFBEE9CF16FBEFAAF3CD7EFBEF9EE1EFBEFBAFBCEBEFBC73CF2CF7E5FCF3CF2C3FFFC4001A110002030101000000000000000000000001201011300031FFDA0008010211013F108AEAC0B9D0280B503C7FFFC4001A110101000203000000000000000000000001201011003031FFDA0008010111013F10C6F9BE83C8724B6CAC8E1BFFC40024100100010206020203000000000000000001110041202130315171106181A191B1C1FFDA0008010000013F10C53EF4D0651E4F2EA80D8F9CF50441D2929F7C2733D52430E4E82EE24051AB0106005E36F6E74048BEDF587EBBF4E82E89974185B0CF48D009D78FEE1399721A04950644B5494CB99DE0B01007BD168E9595C3E728E5B0F74CE252574643C8F98A9697E345EF9CB229743E40822248E494FB989EE7548810DC48C33E2AED8A87E8ECA002000360C50815B5C54BF456795372375C144841A5182CE25CE7C173A034C0A6C90D457FFFD9),
 ('vaibhav.jain','Vaibhav.jain2016','Vaibhav','Jain','vaibhav.jain@skillnetinc.com',0x89504E470D0A1A0A0000000D49484452000001900000019008020000000FDDA19B000000017352474200AECE1CE90000000467414D410000B18F0BFC6105000000097048597300005C4500005C4501B92D622C0000000774494D4507DE0214161A0599B795C10000001A74455874536F667477617265005061696E742E4E45542076332E352E313147F342370000353649444154785EED9D855B5BCBFAB6BF7FED5787D2E2D64285BABBECBADBAEBBEC76D7DD8D522F5560D7A822C55D8A2410E77C6F583939ECC14248D61A799EEBBEF6D573922CB202736766D6BB66FEDF7F1004410409848520883081B01004112610168220C204C242104498405808820813080B41106102612108224C202C04418409848520883081B01004112610168220C204C242104498405808820813080B41106102612108224C202C04418409848520883081B01004112610168220C204C242104498405808820813080B41106102612108224C202C04418409848520883081B01004112610168220C204C242104498405808820813080B41106102612108224C202C04418409848520883081B0100411261016D27BDA282E8AD31D87C361A7D86C56ABCD6AB1B4B674A4C56C62686D31777C82D5D24AAFB2DBAC74083A121D8E8E4A87A69FE0F96108D27D202CE47FD1BCD42E25329295E442BA319B9A4DCD4DA6E6C6E626A281686AFC1D10B4A311747037A626121C49CD6D34BB8DDE04BD157A439E3787201096D269D793BBC364B391264816FF1553C094D41FBC2E339B9AC89BA44FB228C9140A53391096427177A0A8F764B753D789FC4422201D343572A1271FF128CCDC4C67407D40EA85C15F4A05C2923CD49EDD8EB259DDA33B53130DEB1805084DBBBFDC0349ABC5423D45CC85491F084BC250A32549D9AC969616F7288F93219E0EB48F1FDD9D2FEA4592BC3C1F072251202C59D23E2165B7DB5A5BDD633D7524D51D242FEA7991B5C9DDE8764913084BECB477A69C56EA4C51D742AEE15EA02077BBA7ED5B5BC8E6E876891E084BC8783C65B190A6D099F21DEA76B5B6981D3097B081B0440A3C1528602E41036189116A5736ABB57DD8074F0512B7B95A5BDCE51198E712211016D7A156E47038A82F80FE54B0A12F03FA4A40878BF340589C865A8ED54A43BF26A65D81A0425F0CEEA1A2C38E0E179F81B0384B5B1B0D4FD0A5321CFAAAB0592D6D6DE870F115088B97D057BADD6E6B9FA5621B0F300AFA65582DAD1827F21308CBF890AA6C562B998A692D8013B471A2D3E9F0FCC210E30261199936978BBEC031FA138516B3C961B77B7E79881181B08C0954252E346C87B68C0A84A577A02A39206D391D1824EA1D084BBFB4B54155B2418344684BCF40587A449B56C7CDC9B242DA72399D9E5F3612CC4058418FC35DAC802B8092431D67EA3ED378DFF35B478213082B88713A9DF4DDCBFC650389313537DA6C56EA517BFE02904007C20A4AE89BD6D2DA82E92A35A12F295C460C5220ACC0C76EC3741570D79AA2443EE081B002198C014147E87B0B23C4C006C20A4CDADADAAC560BC680A033EED2075C430C5020AC00C4E970E0A665D0039E6B88E86AF53B1056BFE2EE58A11614F8068AE3FB1F08CBFFB83B566674AC401F7077B5DCCB6CA1ABE567202C7F82CA75D01F5019EF7720AC3EC7E572B6B698993F4100FA84A9B9D16EB3E102625F0361F52DF4478695F64040A0E1A1A5B505B55A7D0A84E56B681868C1FC3A08349889EF53202C9F42C3405484F693C686FAEAAACAAACA0AA2BEAE967954659A9B687868F5FCA9213D06C2EA3D0E871DC3401FA9ABAD2E292ECACDCD79FFFEFDFDD40767CF5D3C70F8D886CD7FFEB172DDD2E56B66CE5D3C7DF64262C19215F4FFAC59BFE5E091BF2E5DB9F6F6DDBBDCDCDCCA8A72921A73406568A0FE3BAE1EF61A08ABC7B8AF06A27EBD5B1A1B7F5755551416FCCACCCABA7CF5FAB61D7BE62F5E3E76C2F4F098A4FF1B1AEE3B03864544C4254F9D357FF7BE832F5FBD2A2B2D617E9022E0EA61AF81B0BA8DB6E202F32705A813545E5EF6E3C78F9BB7EE6CDFB58F3A4DB1A3C63302EA0F03432253A6CC3A75E6FCAF5FF90A76B8A82F4F3D7ACF9F20D2291056D771B99CB8DBA623D5D5957979B977EFA76EDABA63C2945943C36218D1049601C3C2478D9D7CEDC6CDDA9A6AE69D480FF5E8DDB74C235D05C2EA224EA703935644C3EFBA8A8AB28CCCCC43478FCF9CB73834229ED14AB0A1DED6DA0D5B0A0B0B9837A602564B2BAAB43A07C262E3B0DB152F61FFFDBBAEBCACF4E9B3E7DB76EE193D6E0A5983F188CE4C9E31B7A4B88879932AD0DA62C6343C1308EB5FA1AEB8B253EC8D0DF59595E58F9F3C5DB7715B74E238C61AC6327DCE427228F38655A0C5DC8CCAD28E81B0FE178BA595F9735184FABA9AAC7FFED9B6634F7CD204C614FCB0F5CFDD6A163D989A1B71E9D01B08CB13056F0FA4F65F50F0EBC4C93363264C63ECC0210386453C79FA8C390545A05E3FAAE1B54058EE62AB16F56CF5F3E78FD5EB3607FB625F60993273BE9A9D2CC2ED2C279C056191AD14BBE7A6B4B4F8CF9D7B8708A52A2F6FDFBE654E471DC859D88C476961B5B95C4AD9AAE177DDBDFBA981ADF3D499CDDB762ADBC96A477567A92B2CB215C9AAD31F84B49496966CDCB2DDF01A857E129F34E177BDE2374E37A87CA7B4A2C2722966AB0F1F3E4C9C3667C0B008A6FD8BC88F1FDF99B353109B555167A9282CD56CF5E6CD5BA187810C698F1E3327A8266A3A4B3961B5DB4A959B041B1BEA531FA445C4F66DED04CE39FAD7DF6A4F6379686E6AB0DB6D9E3F6B65A296B0DA14BB2698FEF265445C32D3E04567D8C8D8156B36BC7DFB0EDA52D0590A094B355B656565F15CB9DE4F4223E2B7EED89D9393C39CB56AA8E62C5584D56E2B85AA430B0B7E4D9E318F69E49231605844E29849690F1FFDAEAF634E5F299A9B1AD5A983574258642BA5EEBCA9A9A95AB7699B1CD7047B25343CFEAF13A7EA6A955B36AB23A666559CA582B0DCBBC933BF60B9B979FBEED011B14CC396982161D1BBF61EACAEAA643E07A5303537A9708FB4FCC2B259ADCCAF566E72727E268D9FCA3469E919141279E8C871C5FB596693FC6BD1482E2CBBDDD6ACD2FA568D0DF57BF71F566430C830242CE6ECF98B0DBF959ECF6A314BBEE69FCCC2A251BD6A6B877EFEFC393A712CD392D56164F4A857AFDF309F896A585A5BFE23AFB3A41596D3E9546D5D76EA5EEDDA7B9069C3AA316DD6826225D753EE88D562F13403E922A7B0942A67F79293932371E1958FD070F8C4C9338AD794BA8BB36C721667C9282CC58A18BC5CB87445E8D92B7AF334A68B884D0E8D48E8CF8990B573727E321F8E6AC85A9C25A1B0AC560BF3CB5381FABADAD9F397304D5714C8537FAC5C7BFDE6ED0F1F3E646767BFCBC83873EEE2A4E97306854631CFF491C3C74EE0C61DB3A949BE8B86B209AB7D932E15B7BDF9F4E9D3C898D14CBBE59FC1C3A3172D5B9D9995D5F9EA5E4545F9E9B317FC3BA9C431937EE5E733075410F9360A934A582EF526DABD5CB828D878705068E4D889D3A9575553DD6DC127F5925EBD7EEDC7DA38F451DCB8759B399A9AB837649528F2088BBE4954DE5C7EC9F2354CA3E59641219149E3A79CBB70B9ACB484398B2E79F5EAB51F9B4E2F5BB94EF19A2C0DC9EE8E96475896D616E657A50E15E56509C9139916CB2134001C3F79E6F98B97FBB42B2AF5B32E5FBDDED7C59DA95FF6F3E70FE6506A22D3CE869208CB6E53ABA29D21233373784402D362B962D888D8B98B96A53E78D8C300B007A8AFB462CD46E6983D43824B4D7BC81C475968F021C764960CC26A9FBA52ABA29DE1EEBD543E7797A0D15F645CF2F65DFBFE79FFBEE177BF2EDBFDFA953F227A1473FC9ED9B5F7207310959163324B7861D1F7468B59DDA92B8D7D078E306DD558060C8B705FFEFB63D5FDD4B4CA8A72E6DDFACDC9D367991FD43333E62CC23496171A82381CC26F1126BCB0D4ACBA6258BE7A03D3560D813C3528346AF682A5972E5FA50E11F326FB4F6D6D75DCE814E687F640E298490505BF9883A88CA9B9A94DF0CA2CB185D57E7BB3BA53575E0C5F5C7464F4E8956B37DDBA7337D882E853357F784CD2A7CF9F9923284E6B8BD9D378C48CC0C2A2C1A0B255570CA3C74D66DAAA0E844525CE5FBCFCF8DFA733323275DBDCB4BCBCD4F76D35068546BE487FC91C01D844DE87556061A95CC7D091E2A2C298C4714C5B0D0643C262264F9FBB6EE3D60B97AE6664665657571A3243B47BDF21E68DF5C0CD5B77989783E6A646716FD9115558CADE82D399A220088B0E387EF2CC59F396909EA80FF520EDE1E7CF9F2B2BCAEBEB6AFA79B1AFFF7CF9F265485834F386BBE3CCB98BCCCB01D16236791A9268115258ED45ED180C7AC8FE92DDA71BEE662F587A3F35CDCB9D7BF7B57FD0E8E9C3870FA483F2B2D2AAAA8A9A9AAABA5AD2137757D91A1BEA67CE5DCC9C5477A0B2A13B045D7F464861A9B6A944CF7CFCF8714494AF054A13A7CE2EF825FC85B3ABD76FFA5877B673CF01E6B540C3D4DC28E21543F184E574E2CAE0BFF05D588963267DFDFA8579B9881416168445263267D72510560F8878C5503061297E877397F828ACD0F0F8274F9F31AF1597457FAC624EB04B20AC9E7188765FB460C2B2A14CB41334C48B4EE865E3091A40ED3F7454A6B2EFF6DBA17B2FC882B07AC65D4A2AD43D8622098B86DC180C76C697AB84D405FBF0F123F342A1F9FEE3BB2F6BCE4058BD22D63D8622094BCD95DA7BA5A6BA3221B997BD27E246A794FAB6F89428506F71D2B439CC697666EFFEC3CC0B01037502042ACB1246584E8783F9A081973113A6310D9561F6FC25CC4B2460F7BEDEF7343B8B3A2C1F1068F65D186161AEBD07E62F5ECE3454866DDB77332F9180C74F9E0E19DE4B05E9B5EB379957812E7108B2C58E18C2B2DB6CCCE70B3AB27EF39F4C43EDC88061E1D76FDC625E22010505BF46F6B842D6806111CF9EBF605E05BA449415FE0410166E72EE95237FFDCDB4D58E8484C7BD7E23E706EE53672D604EB623C3231232B3B2989780EEB08B7053B400C2425D7BAFDCBE73AF8745576212C7E5E7E5312F91839E572E8C4E18FBEDDB37E625A03BDCB5EFDC77B27817567B2983D2CB1FFBC2BB77193D5CE34F993C53B7E55F74E641DAA3C1C3BBDD6C353965AA8F1BF3000DABC5E26978BC867761A17BE50B7979B9D1DD97626DD8BC9D79BE347CFDFAA5872AFFD9F39760FFE73E419D03CE6F30E45A582E548AFAC6EFFABA71936630CDD5CB89536798E74B435D5D4D0FFB9B6D95F1DA68B0E1BC8E946B6161893EDFA16E14D35C3568C424F795B2E5ABD633A7ECE5FCC5CBCC9341AF70BEBC1FBFC242F7AA4FB42F76CEB658222236293B3B9B79B24C1C3E768239658DA12362DF6564304F06BEC073278B5F61A17BD5273233B3864776B1976A72CAD4CACA806DB4C5210F1F3F19DC55F968DCE8949C9C1CE6C9C017DA6FD6E174A7684E85E5723AD1BDEA1365A5255D6E45B170E94AE69992F1E1C3872ED7C69A366B417D9D9CD7467580BA0B9EA6C859381516BA577EB07AFD66A6D112FB0F1E659E2619E5E5A55D2E56B10BEB34F4036E67B2781456FBEC156AAFFACCF59BB73A4F63DDBD9FCA3C4D3E3A6FCB383024F2E9B3E7CCD3409FE073268B4761592D58A5CF1FBE7DFB16153FA663BB75DF9B9229FFBD296B366CE978D644786C52466626F6A9EF0FED85EFDC75B2B81356FB9D83E85EF9437D5DCDD499F33BB65B458475FCE4998E67AD317878F4DC857FBC7AFD9A7932F01D0EB75CE54E58F419319F1AF085A2A2C225CBD73077142A22ACFBA969DD6DA23338346ACBF6DD55525F270D1E6613770B28F3252CFA74B0EE951FFCFCF963C29459DE569A347EEADE03476EDDB9FBF8C9D3929222E6C9F29191913979C6BCB51BB6FC7DEAECADDB77AF5DBFB975FBEEA80EEBDCCF5FBCA2BCBC8C7915F005DE76A9E04B58F4E9309F17E895D2D292197316692D332C2AF1ECF98B5595154ADD434727FBBBBEB6E329D3BF4B4B8A77ED3DA0ED113D6058F8DA0D5B6B6BAABD4F003ED2623671D5C9E249586D6DF4E9309F17E895BD070E6BFBC784C7263D7BFE02B7FB7A218B9D3E7B417316FDF7DA0DAC3EEA070D4E9E1623E548584E148BF69DF7EFDF8F685F75735068D495ABD7612B0672D6DEFD87E9F32112C74C2C2A2C649E007A85AB22528E84859564FCE0CF9D7BB5D6B874C5DA9AEA4AE651409414174D983A9B3EA281219197AE5C631E05BD626AE6A888941761B5B5B9B00E725F292B2BD18ABCA97BF5F2E52BE651E0E5E2E5AB9AD6A7CF5EC83C047C819FFA065E84E5B0DB99CF08F4CAF3172F868E88A1763871DA9CF2F252E651E0253737472BA91D193D9AFECD3C0A7AA5C5CCCB1615BC08ABA505D3ED7DE6D499F35AC761DB8E3D98BDEA81EAEACAD9F397D007357878F4A3C74F984741AF3437F132F5CE85B0B036837F6CDCB243131656AAEB952DDB77699FD5956B379887802F7032F5CE85B070F3A07F2C5FBD416B84F7521F300F01868347FED23EAB1327A55D303AA8989A9B78987A375E58A86EF71BAFB0D21E3E621E020C5E611DFFFB34F310F01187DDEE69B4C6C57861D1D818E341FFD8B97BBFD6082F5CBCC23C041876ECDEA77D5657B179BDBFB4B6983D8DD6B8182F2C945FF9CDF193A7B546F8E7CEBD9874EF81DA9AAA798B96D10735242CFAF1D367CCA3C0477828C8325858EDE341945FF9C98BF474ADAC61EAACF995155890A05BF2F3F362478DA70F6A64F4A89C9C9FCCA3C077EC46DF0B6DB0B0301EEC0FC5C585DA9A04A4ADB7EFDE318F022FED6BB1BA6FB79C3C7D2EBAA2FDC1F051A1C1C2C278B09F6CD8E2D98E70F5BACD353555CCA380282B2D993A6B017D440343224F9FBDC03C0AFA84E1A342238585F160FF799791A1ED1933242CFADEFD54741F187ED7D79E387946EB5E25244F2C2A2C609E00FA8AB1A342238585F160FF21436DDDBE4B6B903189E35EBC7C09677969F85D77EBCE3D6DBBC6C1C3A3CE5F40796D0030765468A4B0301E0C08D46B183F7926B549222A7ECC8D5B77AA2A2B98E728088D044F9D391F16E5EE7E92D097AF5A8F05FC02827B730AE34685460ACB6C46BD6860F8F8F16372CA54CD59D49598356FF1D9F3979EBF48FFFEFD3BE94C85CD63727373AEDDB8F520EDE1EB376F1E3F79FAD78953299367691D4FFAEFC2252BF37273999700BF71380CAB20354C58EDF70F62779C80F1E5CB97390B9676DE8B81C689393FE5BF904FC33DE6C4358684C5AC58BDA1B4B484793EE80F066E596898B0EC362CDF1E602A2ACA4E9F3D9F3C7E2AB552AD73410C8F4CC8C8CC649E291F5BB7EFF64A8AA0D31F363276F28CB977EFA7FEAEC786F501C66C6AF63463DD6398B05A5BCCCCA70002424D7555FACB973424F4EEA3436325E639F231ADBD708158B576D3FE83472F5FBDFECF3FFFFCAEC746AA4181C6463442F2B4647D638CB0DADCBBA5A2A021B8FC75E294D686B7EDD8C33C2419858505DACAAB1171C93F7EFC601E05C1C06ED01AA4C6080B050D3A90FEF29526AC2933E6310F49C6BB8C8CD00877EDC2C4A9B3CBCAB0F2AA1E1855DC608CB06C562C801574727EFED4FA1DF4DFBC3C99AF915DBA724D53F39AF55B9887409070173718B168B231C2C282C83A505E5E3671DA1C6AC64347C4BC487FC93C2A13ABD76FD68475F6FC45E62110246884E4741AB068B201C26A9FC04241831E783701DB77E008F390345456946B2B310C098B79FFFE3DF328081E864C6319202C123326B0F4E1E1A3C79AB0264D9B535F27E7D5FD57AFDF848C8CA3734C99320BF5567A62C8349601C2223133670E82446E6E8E671DA898D1D9D9D9CCA37270E8E8714DCA5BB7EF661E0241C5D4DC44C3254FABD62B0608ABB51515583A51575BB370E92A6ACC03864548B9B20A751BBDF7513E487BC83C0A820A8D93F4AFC6D25D58A8C0D297ABD76F6AED79F2F4B9F2D57CBF79F3561B0FC6274FF8F52B9F7914041BFD979AD15B58D88250676854A815378446C46764C8768FCE8E5D9EAD25366DDDA1C23DDEBC6169D5FBA642BD85852DE975867A556BD66FD15AF59EFD87984785A6B2A23C2179029DD7A0D0A874A9EB36B8A5C5ACF74D857A0BCB8A9251DD79F2F41935696AD8B1A3C61714FC621E1597CB57AF6BE73571DA9CF27214B81B80FEE5A37A0B0BF73CEB4F5969C9A4F60AD2812191A7CE9C671E1594DA9A2AAD2C963873EE02D6593584F6F2515DE7DDF51696098BB81B017546B4B63D7ADC94AA2A19D6237DFCE4E990B0683AA3B8D129BFF231DD6E183A6F07ADABB05C2E1716ED3384A2A2C2E49469D4BC690C75E9CA35E651E1A8AFAB993D7FA9A6E07D078F60BADD40AC568BA779EB125D8585451A8C82464CDE6DA213C74CA24122F304B1B897FA409BBD1A1933FAFBF76FCCA3404F74AE77D755585865D4400A0B0BC64C7077B20686441C3B7192795420AAAB2AC74E98AEC977FFA1A3E85E198BBBDE5DC7E82A2C0BB6C9310EEA645DB976435B3A392A7E8CB80BBD9F3B7F495BBA3E3E09C5A2C6D3DCA4EB263ABA0AABC58C55658CA4A2BC6CFAEC85D4D4495B2BD66C10B1F0FDFBB76F11B1C9DA295CB8780517070DA7FD42A17EEBCCE82A2C5C22349C97AF5E0D1D114B0D7E5068E49DBBF7994739A7BEAE66D11FEE5B2309326F454519F30460087A5E28D44F5858068B07A857B5F7C061ADCD47C58FCDCFCF639EC033972E7B56161D1E91F00F96BEE2069B55BF85B1F41316EE22E4849292E2B1133D93D60B97AE14653FE4ACACAC11D1A3B4B77DE8E871CCB5F3839E7714EA272CD434F0C38BF4F4D08878ADF1EF3F7894FF99A052B76467686F78DAEC05180C72859E950DFA09CB6E474D032F34FCAE3F79FA9C76AD8DFE9BFA208D790257D454572D5BB55EB35574C2D8EFDFBF334F00C66236E957D9A09FB0B0530E57FCAEAF5DB166836681F098D1AFDFBC619EC009B535553BF71CD0DEE7E0E1518F1E3F619E000CA759C75BA0F51396A5B585394F602C656525DEFB87C9591CEEE0505F5F7BF0C85FDA3B1C141A79E2E419E60980079A9B1A5C7A9562E9272C1461714841C1AFC431933423C48D4EF9F4E913F30403A9AFAB3975F6FC7FC7AD11DB77ED639E003841CF522CFD8465363533E709782027E76742F244CD59E131496FDEBC6D6C609FA33F3412DCB5D733121C302C020B8AF24D83C3A15329967EC2421116B77CF8F0C1EBAC115189A90F1E1A7BDDB0AAAA62E396EDDAFB19382C62CD862DD5D595CC730057E8B6B8BB4EC26A6B6BC3C2323C43FDACA4F1533C8E0889DC77E008F57198E7E8C3D7AF5FA6CC9CE77D27DB77ED45DF8A7F6C7A6DAAAA97B0DC2B61A1088B6B8A8A0A27CFF0988258B064656E4E0EF39CA042624A4D7BA8DD2A480C1E1E7D1CB3EC8260B5E8B42A964EC272A2CC5D042A2BCAB76EDF3D28D43DCF4D44278CBD74F95A5DAD1EA5F07979B9ABD76F1E3CDCBDCA1511153F26F5411AEE6D16058B45A76277DD8485327731A06ECE956B3746468FD6C44183B2D9F39766646406CF1DD5D595172E5D21396A3F71C0B088E973167EFDFA15B61208DD8ADD751296C3616F6A84B0C4804CF1E5CB97058B5768250544C8C8B8E5ABD6676406585BD5559557AFDF1C3B71FAA0FFFEA0E19109478F9FA48E1EF34CC0392D6693A7A907393A090BF7E508476D4D1575B5E29252349510A1E1F10B97AEBC75E75E79597FF7D4CACECE3EF2D7DFC929D3B4958E0992E382252B3E7DFE8C297611319B74DAA0502761D96C56E60C01FF507FEA577EFE91632762478DF76A8B1413373A65DB8E3DA90F1EE6E5E5322FE981BADAEAF7EFDFD3E86FFEE2E5615189DADAA79AAA66CC59949AF6B0A6DA98EB92A0FF40588017A8CB43623A7CECC4E87193BD9621060F8F8A884D9A3A73FEA6AD3BCE9EBBF8F0D1E38C8CCC8FEDC9C9F9A9FDE3D5EBD7F7521F1C387C6CE59A8DA3C74DA1115FC7230C1D11337BFE52125F55A50C3B8FA98CA9B9D1D3D4831C080BF80469ABB8A8F0DEFDD43F56ACF54EC97784FC151A9130226A14111997ACFD2364649C7722CC0B392B79FCD49D7B0E646565C9B14922686E82B00097D0C82EE7E7CF5B77EE6DDAB673FCE499C32312181F75C9C0908898C471B3E72FA19EDA9BB76F4B8A8B70115026641396156BCB0493FABA5AEAADEC3D70F8DB37FD36E923E3949696FCF8F1FDE5CB57172F5FDD7BF0088D0D97AE58BB78D9EA59F396D03F885D7B0F92A16EDFBDF7E9F3E7FCFCBC1ADDEFB0C9C8C83874E478767636FC1854A4131636F80A0EE565A5A90F1E2E5AB69AC65FD49159B56E93E153D7A4064EA6CF4B4A8AA7CD5A4023D088B8E435EBB7A4BF7C857B12830484057A814655D76FDE9E3C7DEE90B068EFC86B48580C75679867AA49C3EFBA23C74E0CEC30C71F121E376BFE92B4878FAAABA0AD00D3DCD4A0CF1A7E109678D0408C8660E326CDF01631752439656A4E8EA89BA406101A2347C6796E4BEC08399D46AC376FDD81B602885B58BAACE1076189444545D9CDDB77264D9FDBB13880811EFA73D75E1137490D209595E50B96AE643E998E90EB67CF5FFAF8C9537DEE94941E080BFC8BFABA9AA7CF9ECF98B3A8739540678647263C7F91CE1C411D1A1BEA2F5CBA3278F8FF46CADD31342C66C9F2355959FF34FCC6947CBF80B080076A7EDFBE7D5DBFE9CF6123DD3B36FBC8B4590B8A8B8B984329C2B76FDFBCEB11FAC288A851BBF61E2C2CF8C51C07F80E09EB3F98C302E5E5A567CE5D888A1FC3B4B15EA18ED8E1632714BC2FAFAEB666F5FACDCCA7E10BC92953EFDE4B356AD942D141E1A8EA3434D467FDF3CF9C057F30EDCA77C2639332B3B298C34ACF9DBBF7878E88613E0A1F19141AB56EE3B69F3F7FA268ABAF40584A53555971E6DC45ADB4AA3F2C58B242A9DBF4F2F3F3C64DF26C10ED37349CBC77FF412D26E3FB0284A528F4DD9E9B93B37CF57A5F26D77B657068D4854B57981F212B34FEDDB9677F0FD74F7D674858CCF65DFB4A4A8A991F01BA03C252116A72CF5FA48F4999C6B49FFE10373A4591BDDD5FA4BFF4F1C6461F993E7BE1870F1F303CF405DD76ABD749587608AB37EA6A6B2E5DB916D826A7B16AEDA6BABA1AE6C74946795929F98539F1FE139338EE41DA2305AF5DF415D9D6C3C212C93D535151B673CF818E37D90490A12362EEDC4B657E6230A8ABAD2E2D29A65EC9E3274FDF6564FCF8F1BDBAAA5287D64E9DA0A3C74F066410DD19FA0A397BEEA2F4C6EF2766B35CC2723AB00945B750EF60D5BA4D4C3B092C49E3A7141616303F3750902FCA4A4B4E9FBB3063EE22C6B9F14913D66FDA96919119D4CAFB8F9F3E8D8CE96289AE4031302462D7BE8335A878E81ED936A1C0AE39DD515C5C346FD132A685049C01C322B6EDDC138CE91832D1ADDB77A313C7313FB123D4F759BE7A4351708C595B5B3D77A1FFC51F3E42CEDAB8653B7584999F0E342CAD2D9EA61EE4E8242C173652ED8A9292E2B90B836E2B8D90F0F897AF5E336FA09FD01870EF81C33E8EC5468D9D445D21E608FDE7F2D5EBDEDD0C83CDCAB51BB1A34F975825DB97105BD577866CD59FBA503F98346D4E00CBB27ED7D71D3CF217F3237A2671CCA49F015D49E2577E7ED47F3734D487156B365656C2592C36C9B6AAA7989A21ACFF51565AA25BDFCA0B8D6B0E1F3DCEBC13BF79FAF4F990B03ED7942F5EB63A80CBFBAD5A1BDCB9BFCE507772C7EEFD75B59883FF17769BCDD3CE831CFD846536353127A92C34925ABB71EB80616C63D081E191091F3F7D64DE8F1F545494CD9CBB9839B82F0C0A8D22D33147F38FD407697E18B3FF90B38E1D3F89051E3AD0E070D83DED3CC8D14F582D661A1432E7A922F4877EE8E8F12ED7DED387D90B96D6F7FB22FD9BB76FFD3E85D5EB36D3709239605F29292E4A1A3F9539B26E8484C7DDBC7D97794BCAD2DCD4E074383CED3CC8D14F58AD2D66E63CD5E4F6DD7B21E1F14C03D01312CDC5CB579977D5578E1C3BC11CD67712C74C2AE8F75A2EBBF61E08C85D387E131197FCE6ED3BE65DA90909CBE5747ADA7990A39FB0B0C20CF1E5CB97980EBB281B4564FC98FCBC3CE6BDF589351BB630C7F49DD088841F3FFA75B710F5EFA88FC31C567FA6CC9857565AC2BC3705A1A1933E0BBA53F41316EECEA9AEAA58B06405F3476F142B566FE84F0DFAD2156B9903F689ECEC6CE680BE535D553975E67CE68086405DBC4DDB766232CBD4ACD38D8414FD8485BB734E9D396FE0D415C3E0E1D1F753D39877E83BCB56AD670EE83BF421504F9339A0EF9C3879A6E35E38C6421DBD07690F9977A81A2D6693A791073FFA094BF162F7AF5FBFE85C31D42B89632696FA3BA2D97FE8287334DF891B9DF2EB573E73401FF9FEFD7B68849133809D193F69A6E20BD1E856E64ED14F586DEE6277454BB11A1BEAFBD3250912EEFD7576EE65DEAA8FA4BF7C35C8DF9B8D6938E95F1D138D61E704FF2E9CBE32302462DFC1A3CC5B550A9BD5E269E4C18F7EC2A2285B3BFA223D9D8749E2CE0C098B79FBCE9F4B5DE565A5FE4D2491E6521FF83914BD7EF336D98139200F44C625FFF8F18379B7EA60B7EB54354AD1555834D6654E5505EAEB6AE62D5ACEFC89F3C3A4E973FDDB5234EDE1233F564F9FBF78B97FB7B6141616447336A6F6427DD52D7FEE62DEB02234373538F42AC2A2E82A2C1AEB3267AB02CF5FA40F35A220DB77FE3A71CA8F851CEA6AAB77EF3BD4A762A884E4899FFCBAFF990683EB366E658EC61523A2467DF9EAFF950471711761B9742AC2A2E82A2C9B55C5CA8625CB56337FDCBC313C22C1BF3A83B2B2D2ADDB77FB78E973D4D8C9E92F5FF9B7C4CDA3C74F7CD918D54048DC070E1F63DEB60A989A1BF5D991508BAEC27238ECAA5D28FCF2E54BA8A175ED3EB260C90AFFB6E4ABADA93E73EE42C8C85E66E866CE5DEC7729434949F1D889D399037248CCA8F10A2E98A5674D03455761B99C4ED58475E4D8893E0D9A8C626048C4D5EB37FDEBFE54949725A7F4725BDFE52BD79957F9080D06F71E38C21C8D4FA8A779F7BE1E4B51738545AF95B0B4E82A2CEA3A2A75A1901ADBF8C933993F6B6E894E1C979797CB9C822FE4E7E7F53AFBFEA7BFEB9DBECBC8E0F3026B97FCB1622DF3FEA547B78565B4E82B2CC52E147EFCF43148FB4A0489F59BB6D5F57D03D117E92F99E37466DEA2653478645ED82B34C29A356F0973289E098B4C2C2E2E62CE426268C0A4DB3A0D5AF4169652B740FF7DEAAC10E3412F34A8497BF8B8B1813D919E3977E112739CCE8C1E3BB9BCAC947961CF508FECCCB90BCC7138873EC0C74F9E32272231EEDB9E5D2E4FDBD6257A0B8B3A90CC394B0CFFD7073B939C32B5B8A89039911E20AD6CDDBE9B3948678684C5D0C891796DCF7CFDFA7544747F37EBD71FA5AADE75DB3FD51BBD85A5CE1D853FBE7F0FEADE53C163CFFE43BEEFCA55535D397BFE52E6085DF2F4591F161AADAEAE5CB27C0D730421983075765FD52C2EBAEDEEE58DDEC26A5366DE7DE3961DCC9FB2280C1B19E7FBFD3A2525C509C913992374098DEF98D77607F5DA6EDFB917A48D5175E0F8DFA799339215DDF69EF0466F6151149977175758C48C398B2ACA7D2A29CACBCDF57197AD4D5B77FA78A1302F2FD74709F28922C2D27FC69D6280B0149977175A58C4DFA7CEFAB2C25FDAC347CC0BBB8324585DD5FB2663F57535BE4C8AF18C22C2A2A1926E0B8D7A6380B01459C94F74618D8C19EDCB7D7FA7CE9C675ED81D89632695FAB06ED493A7CF38BFF5B257141196CE35EE5A0C1096CBE552611A4B7461118B97ADEE7921071AE2ADDBB88D7955770C0C89FCF9B3975D54C96813A7CD615E281C8A08CB6AD16F192C6F0C1016C56C927FCB2F0984458AB976E326735E1DA9AC28EFD3AA58A90F7A5A4D98F477E0F031E62522A288B074DB8BB0638C11964581692C098445C48D4EC9CDC9614ECD4B5151617CD204E6253D70F2F439E6081DC9CCCC1A1E91C0BC44445410160D9268A8E469CF3AC6186139EC76E6FCE5430E61111B36FFD9DDC6AB5FBE64334FEE9955EB36357473A1903A6B7316F854CFC53F2A088B06499EC6AC6F8C11960AD358D2086B4858CC83B447CCD969DC4F4D639EDC335366CC23313107D1387BFE9258B731F5800AC23264028B628CB028D2EF5C2F8DB088B113A71716163027481C3E7A9C7966CF44278EEBF2389FB33FF3B6A5507F905E5886546069314C5836AB85F9142443266151DF67F7BE834C5916FDCFE57DDC0A888EF3F9F3E78E07216AAAAB96AFE66E4BA1FE20BDB04CCD4DFA576069314C58D2DF542893B088B0A8C457AF5F773CC18AF2B2C9D3E7324FEB95CE4BDCDDBC7D87F3E58FFB8AF4C2D2FF16426F0C1356FB4D854DCC07211392098B9839777179F9FF9688C9CFCF8B884D669ED32BFB0FFD6B3183DCDC9CA4F1BDAC562A1CD20B4BCF7DBD9818262C8ADC9BE8C827AC812191D414BDF703BE7FFFDE8F69F265ABD6FFAEF70C2D7FD7D76EF973B73473ED5EE416567353A39EDBE430315258E469E6B39009F9844544278C254F692778E3D66DE6515F98346D8EB79BF6E8F113DEF69D0F08720BCB6C36A6A0418B91C292BBB8414A61114B96AFAEAE76DFAFB367FF21E6215F88884DCACF732F17555C5CE4C7149810C82D2C3D37A6EF1C238545696D31331F8734C82AAC21613157AE5DA7D1DC62BFD653A50160D63FFFD0B872FFA1A3E2AE78D533120BCB5DD0E0346C3C48315858128F0A651516316AECA4CCCCAC147F3704BA76E3D6BB7719E13149CCFF2F0D120BCB5DE06E50418316838525F1A85062610D18163E67C11FE1B17E1A67F3B65D73172E63FE4F99905858C68E0729060B8B22EBA8506261F59361236207FBB6BBBDA0C82A2CC3C78314E38525EBA810C252165985D5626E36AAC0DD1BE38525EBA810C25216598565B3EABDE544E7182F2C8A94A342084B59A414168D075D468F07295C08AB7D9577F603121D084B59A414967B0577A3C783142E84450363F9164D86B094454A61D96D86DD3FD8315C088B62956EB519084B59E413967B3D19231644EE1C5E84E57239255B6D06C25216F98465B5B47A1AAAD1E1455814C9A6DE212C65914C583C945F79C391B024DB9902C25216C984C5C974BB168E84D53EF52ECF927E1096B248262C0397EBEB1C8E8445B15AE4997A87B094452661F133DDAE852F61B95CAEE62649AADE212C65914958FC4CB76BE14B581469D64D86B094451A61B5AF86CC51F78AC29DB05C4E49EA1B202C65914658D47BF0344B6EC29DB02872D4374058CA2287B038B97990098FC2723A1C4D8DC277B2202C65914358D46FF034489EC2A3B0DADADA5ACC26E6E3130E084B59E41096519BD1F71C1E854591A08814C252160984453D06C3D7EAEB329C0AABBD9325F6FA0D1096B248202CEA31789A2267E1545814D13B591096B2882E2C1E9642EE2EFC0A8B7A5942CF644158CA22BAB0F89CBDD2C2B1B004EF644158CA22B4B0DCB73A731CAE852574270BC25216A185C573F78AC2B7B03C3559EC672A041096B2882B2CCEBB5714DE854511B4930561298BB0C2E268A1BEEE2280B0E84314F1EE42084B5904151687770E768E00C2A288B8840384A52C220A8BFA045CAD7BD55DC410167D94C2AD930561298B88C2B25A2D9EC6C677C41016C566B3321F31E74058CA229CB0DCCB8AF25A29CA441861FD47B415DF212C65114E58DCDE88D339E2084BB43A52084B59C41216FFA50C1D2392B0282DE2ACED0761298B40C2E26ACF415F2298B004DAA502C252168184C5DB1E13BD463061516C563166DF212C6511455826933073EDDE88272C8AD924C052591096B20822AC06874398B9766F84149610B5EF1096B208212C21EADA3B4748615168ECCDFC027803C25216FE85656A6E14A2AEBD734415168DBD391F184258CAC2BFB0EC769BA7218916518545713A1C3C0F0C212C65E15C587CEEDFE563041616C56AB530BF0C7E80B094856761B9EFC2117330A8456C61F1BC242984A52CDC0A8B4624225E19EC18C185E52E2575F2594A0A61290BB7C212AE4CB473841716C56EB371B8B53D84A52C7C0A8BE7CDBB7C8F0CC2A270B8C21F84A52C1C0A8B46212EA1EE19EC2E9208ABCDE5E26DF119084B59F8135683DD66F53415C12389B028ED550E1C4D664158CAC29BB0042D6AEF32F2088B425F23FC54664158CAC295B0E498BAF2462A61512CDCDCB20361290B3FC2323537C93175E58D6CC2A22F134E2AB3202C65E14458EEAA2B71D63EF631B2098BE27239E98B85F9E5E90F84A52C9C084B948D70FA140985457138EC864F669D3A737EEC84E923A347337FCD4056060C8B983065D682252BEFDD7FC0FC31E88F7BA25DA2A92B6FE41416C566F4047CC3EFBAE2A2C2AF5FBF3E7F91FEF7E9B36B376C9D3A6B4142F2C4D08804E60F1D884E6844FCF4D90BAFDFBC555656C2FC1918827BA25DE41B067B88B4C2A2582D7CDD1A5D535D959797FBF1E3C7BBF7528F1C3BB166C3962933E691C2C2A212E9CB9969038073060C0B0F8F4D9A3A73FE81C3C732B3B2AAAB2A995FB751984D4D2E975413ED1D23B3B0DADADA38DFE3BEB6C6A3B0C74F9E9E387966D3D69DB3E72F1D33615A74C2D86123639916020C67604864645CF284A9B3376CFEF3DA8D5BD9D9D9FC784AC3D4DCE8743A3C0D40C6C82C2C0A3F170D7DA4A1A1BEB4B4E4FBF76FEF3232EEDD7F70F4AF931BB7EE9831775172CAB4A884B1C323319CD415FAC06312C78D9B3463D5BA4DF48DF2F4D9F32F5FBE54555530BF354E90F2B22013C9854571B9EFDA1160D38A9E292F2BFDF6ED1B0D3D1E3E7A7CE6DC859D7BF62F5BB98EBEEA478D9D14153F86DA150695FD24343C3E327ECCA8B193699C4EA3F583878FDDB97B3F2B2BEBE7CF1FDC1AAA23642BBB4DD475447D8FFCC2A2B89C5C143A049CC686FA929222B7C832B31E3D797AE9CAB53DFB0FADDDB875DEA2E534AE8C4F9A1011974C2E1B1216CD344E35193C3C3A34223E2236296E744AD2F8299367CCA37ED3F65DFB4E9F399FF6F0D1DB77195FBF7E2D2D2DA64F95F99C85C06A91B088A173941016C5E970D0F09EF91D4BCCEFFA5AED1A654666E6B3E72FA8B3F0F7A9B33B76EF239D2D58B262FCE499896326C58E1A1F1E337A44D4A86123E306854631CD5B20868E880D098F1B113D8A4E8746706E1F8D9B3275E6FCC5CBD76CD8BC7DC7EEFD74EE376EDDA101DDDB77EFB2B3B30B0A7ED55457319F98D0B42F7425611143E7A8222C8A6ACEEA196AB1454585D47A3F7CF8F0F2D5EBB4878F6FDFBD77FAEC8563C74F6EDCB263FDA66D8B97AD9EBB68198D3A13C74C4C489E109D30362A612C0D9A46442586B5333C22814CC1D079643A242C86794E4742C2E3B5A3699071E8A768907AE8471334ECA577A2416F8CD8BDEF10BDCF93A7CFDEBA7397DEF68B743A83371F3E7EA4D3292CF855565A22682FC93F2CAD2D32DD2DD87314121685B7151D44A1E1775D4931F9ADE0577EDEC78F1FC97194CCCCCC17E9E91D79FE229D0C72E3E6ED8E3C79F68C795A47DEBC7DAB1D4D0B0D6FE9A768907798B7013AD32A69816877514B581487DDF822780002827BFF1B956C45514E5814380B48408BD9A4CE48D01B15854581B380D0A8692B8AA2C2A290B338DCBA02805E51D65614758545413F0B088782F3561DA3B4B0284E27D7FBDD03D011A177990F4854171605CE024220D35E127E07C272A7FDDE1DD467017E9160D3E68004C2F28493859501E88C948B1DFB1708EB7F71B95C62AD4503A4A7598D35187C0F84F5AFB4B5B5B5B698993F1A000CC1BD1A9F43E6D5F8FC0884D5296D6D566E363704CA427D7DA75C5B0A06241056D7317C0F0BA0322D66934BD25D24FA1908ABDB38EC765C3A04FAA3D472317D0D84D553A84FDE62167E7965200AD4A9B759AD2A17B2F71A08AB97D0771DE75BEF003930999A30C5DE6B202C5FD2D63EA585E1210816ED93569862EF3D1096AFA16F3FB30995A520C0D030D06A69C5A4958F81B0FA1097CB852A2D10404CCD8D763BEA42FB1008AB8F696BB359313C040180BEFC5CA8B4EA63202C7FE2743ACCB87A08FCA5FD6AA005C3403F0261F919FA6BB35A5A515C0AFA8AD9D48CAB817E07C2EA571C763B66E2818FD0D79B05F3EBFD0B84D5DFB85C2E4B6B0BBA5AA067E88B8DBEDE3C7F3488BF81B0021387BBE801B35AA00B50B810C04058010B66B54067DC33564ECC58052C105680E3743A71011110F44760B35A7063606003610525369B152B3D284C83BBC60AEBC304211056B08211A29AB827D71D985C0F5620ACE0C6E574B6DFCD036DC98FFB3E1B9BD5F38B478213084B8FD0572EAE214A0CAE03EA16084BBF60624B3E485596D6164C57E916084BD7D09730B4250DED33EBB87B59D7405806E4BFDAC23D3D82D27E11100B2D181108CBB0A0B725206E5561F72D030361191CD296DD66C31DD49CE399AB82AA8C0E84C547DADA1C763B36CAE710EA025B2D96364CABF311088BAF389D0EACFDC009665333757E51ACC055202C1EE37239AD560BC6898640DF16AD2D6687C30E557118088BDF5083A166438DA7194BC8EB0275A96C562B8AAA780E842540A809514342AD7C90A08F9586E14E87035D2AFE036109136A4ED4A8AC96560C15030279AAA5C564B7D9D0A51228109678F9B7B9303DDF37FEEB290CFD840C842570DA27B9DC5715C95CB8B0D833A666F294199E123D10960C71F7B99C4E9BD54AEA42E9BC1792B8D9D46C696D75D8EDF0941C81B0640BB54C6A9FD44AA9AD2AD9ED6AD03A53369B95248E7974C90261491B6AAB2EA7D36EB759DCB35DCD12F7BCDA7B524D3432A63EA6D3E140674AE24058AAC4DDF37238AC564B4B8B49F4392F7AF3E4DFF6E15E8BDD66434F4A9D40582A46EB7C91BFA84BD23E67EFEE7F71AB304D4F265313BD517ABBD4672443A11BA566202CC49D3617198C1446FD15B7C24862D40B6BB7989E226BE8E8267A1BF45EDC7AD24679E843211016D243DC1D318FC7286E9591CC349DB92F47B61BAD239ADD3AC33CCDD4DC447D3A3A426BAB59B3121D9A8E4F3D3EF7E00E5D27A4FB4058483F424AEB10EA0791DF585CEE09A68EF1BC1641FA1E080B41106102612108224C202C04418409848520883081B01004112610168220C204C242104498405808820813080B41106102612108224C202C04418409848520883081B01004112610168220C204C242104498405808820813080B41106102612108224C202C04418409848520883081B01004112610168220C204C242104498405808820813080B41106102612108224C202C04418409848520883081B01004112610168220C204C242104498405808820813080B411061026121082248FEF39FFF0F092AE27C088D4A7B0000000049454E44AE426082);
/*!40000 ALTER TABLE `user` ENABLE KEYS */;


--
-- Definition of table `user_activity`
--

DROP TABLE IF EXISTS `user_activity`;
CREATE TABLE `user_activity` (
  `user_id` varchar(45) NOT NULL,
  `artcl_id` varchar(45) NOT NULL,
  `user_actvty_id` varchar(45) NOT NULL,
  `actvty_id` varchar(45) default NULL,
  `actvty_cat` varchar(45) default NULL,
  `user_actvty_desc` longtext,
  `user_actvty_create_date` datetime default NULL,
  `user_actvty_mod_date` datetime default NULL,
  PRIMARY KEY  (`user_id`,`artcl_id`,`user_actvty_id`)
) ENGINE=InnoDB DEFAULT CHARSET=latin1;

--
-- Dumping data for table `user_activity`
--

/*!40000 ALTER TABLE `user_activity` DISABLE KEYS */;
INSERT INTO `user_activity` (`user_id`,`artcl_id`,`user_actvty_id`,`actvty_id`,`actvty_cat`,`user_actvty_desc`,`user_actvty_create_date`,`user_actvty_mod_date`) VALUES 
 ('ashutosh049','artcl_3','ashutosh049_AAL','ACTVTY_ARTCL_LIKE','ARTCL','ashutosh049 likes artcl_3','2016-06-26 23:24:53','2016-06-23 16:50:15'),
 ('ashutosh049','artcl_5','ashutosh049_AADL','ACTVTY_ARTCL_DISLIKE','ARTCL','ashutosh049 idslikes artcl_5','2016-06-23 16:40:15','2016-06-26 00:00:00'),
 ('ashutosh049','artcl_6','ashutosh049_AAL','ACTVTY_ARTCL_LIKE','ARTCL','ashutosh049 likes artcl_5','2016-06-23 16:50:15','2016-06-23 16:50:15'),
 ('ashutosh049','artcl_7','ashutosh049_AAL','ACTVTY_ARTCL_LIKE','ARTCL','ashutosh049 likes artcl_5','2016-06-23 16:50:15','2016-06-23 16:50:15'),
 ('gyanesh.tiwari','artcl_8','gyanesh.tiwari_AAL','ACTVTY_ARTCL_LIKE','ARTCL','gyanesh.tiwari likes artcl_8','2016-06-27 00:56:50','2016-01-27 00:56:54');
/*!40000 ALTER TABLE `user_activity` ENABLE KEYS */;




/*!40101 SET SQL_MODE=@OLD_SQL_MODE */;
/*!40014 SET FOREIGN_KEY_CHECKS=@OLD_FOREIGN_KEY_CHECKS */;
/*!40014 SET UNIQUE_CHECKS=@OLD_UNIQUE_CHECKS */;
/*!40101 SET CHARACTER_SET_CLIENT=@OLD_CHARACTER_SET_CLIENT */;
/*!40101 SET CHARACTER_SET_RESULTS=@OLD_CHARACTER_SET_RESULTS */;
/*!40101 SET COLLATION_CONNECTION=@OLD_COLLATION_CONNECTION */;
/*!40101 SET CHARACTER_SET_CLIENT=@OLD_CHARACTER_SET_CLIENT */;
